"","region","country","Control of Corruption","Government Effectiveness","Political Stability and Absence of Violence/Terrorism","Regulatory Quality","Rule of Law","Conflicts","Fatalities","year"
"1",1,6,1.234392,0.8158239,1.367357,0.8462311,0.3557367,2,0,2020
"2",1,6,1.234392,0.8158239,1.367357,0.8462311,0.3557367,1,0,2021
"3",1,7,0.2766874,-0.0060096,0.8480138,0.4142161,0.4148062,23,0,2018
"4",1,7,0.2778982,-0.0038697,0.959709,0.4853747,0.4052047,9,0,2019
"5",1,7,0.2778982,-0.0038697,0.959709,0.4853747,0.4052047,11,1,2020
"6",1,10,1.217238,1.029933,1.357372,0.8573601,1.263128,4,0,2019
"7",1,10,1.217238,1.029933,1.357372,0.8573601,1.263128,6,0,2020
"8",1,13,1.13127,0.5391499,0.8700209,0.1804527,0.096694,21,0,2018
"9",1,13,1.184628,0.4860963,0.8294795,-0.0483038,0.0765319,8,0,2019
"10",1,13,1.184628,0.4860963,0.8294795,-0.0483038,0.0765319,11,4,2020
"11",1,13,1.184628,0.4860963,0.8294795,-0.0483038,0.0765319,3,0,2021
"12",1,18,1.411579,0.4269727,0.9204867,0.5439218,0.3944808,3,0,2018
"13",1,18,1.261709,0.631425,0.9417337,0.412301,0.3570292,10,2,2020
"14",1,32,,,,,,2,0,2018
"15",1,32,,,,,,4,0,2020
"16",1,32,,,,,,1,0,2021
"17",1,33,0.4661654,1.169394,1.4457,0.9827613,0.7690086,1,0,2019
"18",1,33,0.4661654,1.169394,1.4457,0.9827613,0.7690086,3,0,2020
"19",1,41,0.1654531,-0.2448378,0.6563528,-1.459868,-0.4444182,16,0,2018
"20",1,41,0.0432405,-0.1725442,0.613414,-1.486731,-0.3224891,26,1,2019
"21",1,41,0.0432405,-0.1725442,0.613414,-1.486731,-0.3224891,129,2,2020
"22",1,41,0.0432405,-0.1725442,0.613414,-1.486731,-0.3224891,12,0,2021
"23",1,42,,,,,,9,0,2018
"24",1,42,,,,,,9,0,2019
"25",1,42,,,,,,19,0,2020
"26",1,48,0.5458227,-0.2895034,1.102953,0.084885,0.671662,10,0,2018
"27",1,48,0.5262952,-0.2612646,1.073779,0.1019005,0.6863382,19,1,2019
"28",1,48,0.5262952,-0.2612646,1.073779,0.1019005,0.6863382,6,0,2020
"29",1,49,-0.7564989,-0.4002573,0.0322322,-0.0654638,-0.3792109,59,9,2018
"30",1,49,-0.763217,-0.357478,0.0189059,-0.0535924,-0.3476975,42,11,2019
"31",1,49,-0.763217,-0.357478,0.0189059,-0.0535924,-0.3476975,95,8,2020
"32",1,49,-0.763217,-0.357478,0.0189059,-0.0535924,-0.3476975,5,0,2021
"33",1,71,0.3766035,-0.2529525,0.9924276,-0.289589,0.2296057,9,0,2018
"34",1,71,0.3397682,-0.1359288,0.959709,-0.3131911,0.1758633,1,0,2019
"35",1,71,0.3397682,-0.1359288,0.959709,-0.3131911,0.1758633,4,0,2020
"36",1,72,,,,,,35,0,2018
"37",1,72,,,,,,10,0,2019
"38",1,72,,,,,,28,0,2020
"39",1,72,,,,,,9,0,2021
"40",1,77,-1.280559,-1.909054,-0.6305112,-1.260932,-1.051864,253,141,2018
"41",1,77,-1.339183,-2.015388,-0.7778878,-1.260672,-0.9711014,543,317,2019
"42",1,77,-1.339183,-2.015388,-0.7778878,-1.260672,-0.9711014,423,329,2020
"43",1,77,-1.339183,-2.015388,-0.7778878,-1.260672,-0.9711014,125,37,2021
"44",1,90,-0.1815255,0.4967112,0.4406607,0.2024362,-0.2307076,117,107,2018
"45",1,90,-0.0565556,0.4958208,0.4143164,0.167549,-0.3125736,149,174,2019
"46",1,90,-0.0565556,0.4958208,0.4143164,0.167549,-0.3125736,158,159,2020
"47",1,90,-0.0565556,0.4958208,0.4143164,0.167549,-0.3125736,26,28,2021
"48",1,112,1.238797,1.108839,0.9831379,1.193829,0.8757794,54,0,2018
"49",1,112,1.234392,1.089055,0.7850212,1.228176,0.6005772,15,0,2019
"50",1,112,1.234392,1.089055,0.7850212,1.228176,0.6005772,32,0,2020
"51",1,112,1.234392,1.089055,0.7850212,1.228176,0.6005772,7,0,2021
"52",1,119,,,,,,1,0,2020
"53",1,141,0.0401916,-0.156924,0.2857295,0.9463025,0.5863347,189,98,2018
"54",1,141,0.013093,-0.1642736,0.1233831,0.7319591,0.5873398,216,140,2019
"55",1,141,0.013093,-0.1642736,0.1233831,0.7319591,0.5873398,179,109,2020
"56",1,141,0.013093,-0.1642736,0.1233831,0.7319591,0.5873398,35,21,2021
"57",1,147,0.4526668,0.5514148,0.7035999,0.5113763,0.559788,4,1,2018
"58",1,147,0.3850662,0.5425926,0.7282763,0.5020854,0.4797953,2,0,2020
"59",1,148,0.5362905,0.1956703,1.013817,0.2874379,0.6054458,1,0,2018
"60",1,148,0.524743,0.2258496,0.9261938,0.2349653,0.5691295,3,0,2019
"61",1,148,0.524743,0.2258496,0.9261938,0.2349653,0.5691295,10,0,2020
"62",1,149,0.7815565,0.2258496,0.959709,0.2122325,0.4463562,1,2,2020
"63",1,150,,,,,,6,0,2019
"64",1,150,,,,,,6,0,2020
"65",1,156,,,,,,1,0,2018
"66",1,156,,,,,,2,0,2019
"67",1,156,,,,,,12,0,2020
"68",1,175,-0.3172942,0.1902379,0.245691,-0.1039465,-0.1207149,342,205,2018
"69",1,175,-0.1913557,0.1001515,0.0552402,-0.150986,-0.1202659,273,177,2019
"70",1,175,-0.1913557,0.1001515,0.0552402,-0.150986,-0.1202659,307,158,2020
"71",1,175,-0.1913557,0.1001515,0.0552402,-0.150986,-0.1202659,59,15,2021
"72",1,179,,,,,,3,0,2018
"73",1,179,,,,,,2,0,2019
"74",1,179,,,,,,10,0,2020
"75",1,179,,,,,,1,0,2021
"76",1,190,0.6249012,0.8158239,1.077228,1.228176,1.090258,1,0,2020
"77",2,1,-1.496834,-1.457285,-2.751611,-1.130191,-1.668021,12372,39160,2018
"78",2,1,-1.401076,-1.463875,-2.649407,-1.120555,-1.713527,13910,41680,2019
"79",2,1,-1.401076,-1.463875,-2.649407,-1.120555,-1.713527,7447,20901,2020
"80",2,1,-1.401076,-1.463875,-2.649407,-1.120555,-1.713527,1459,4081,2021
"81",2,9,-0.3491441,-0.0243394,-0.4359334,0.3313852,-0.150221,1566,6,2018
"82",2,9,-0.1841683,-0.0668174,-0.5064107,0.2495153,-0.1312758,1685,2,2019
"83",2,9,-0.1841683,-0.0668174,-0.5064107,0.2495153,-0.1312758,1585,26,2020
"84",2,9,-0.1841683,-0.0668174,-0.5064107,0.2495153,-0.1312758,55,0,2021
"85",2,12,-0.8286991,-0.1004674,-0.6974149,-0.3006527,-0.6002193,6894,41,2018
"86",2,12,-0.8684072,-0.1391768,-0.681131,-0.2266413,-0.5772703,4466,14,2019
"87",2,12,-0.8684072,-0.1391768,-0.681131,-0.2266413,-0.5772703,4188,6670,2020
"88",2,12,-0.8684072,-0.1391768,-0.681131,-0.2266413,-0.5772703,32,10,2021
"89",2,65,0.7081019,0.6145709,-0.4326036,1.125836,0.3276485,672,3,2018
"90",2,65,0.6684984,0.8299233,-0.4458558,1.122067,0.3099792,879,3,2019
"91",2,65,0.6684984,0.8299233,-0.4458558,1.122067,0.3099792,925,1,2020
"92",2,65,0.6684984,0.8299233,-0.4458558,1.122067,0.3099792,164,0,2021
"93",2,93,-0.5017782,0.0217204,-0.030635,0.125332,-0.4316792,152,3,2018
"94",2,93,-0.3199823,0.1247125,-0.0834486,0.1372265,-0.4324133,554,5,2019
"95",2,93,-0.3199823,0.1247125,-0.0834486,0.1372265,-0.4324133,850,21,2020
"96",2,93,-0.3199823,0.1247125,-0.0834486,0.1372265,-0.4324133,148,0,2021
"97",2,97,-0.9544102,-0.6115379,-0.5845503,-0.3528325,-0.9075518,169,4,2018
"98",2,97,-0.9454194,-0.6815209,-0.4097819,-0.347351,-0.8863015,282,8,2019
"99",2,97,-0.9454194,-0.6815209,-0.4097819,-0.347351,-0.8863015,339,2,2020
"100",2,97,-0.9454194,-0.6815209,-0.4097819,-0.347351,-0.8863015,83,0,2021
"101",2,171,-1.415277,-1.097704,-0.738063,-1.047201,-1.282325,25,62,2018
"102",2,171,-1.321173,-1.049005,-0.5751481,-1.011065,-1.227941,40,66,2019
"103",2,171,-1.321173,-1.049005,-0.5751481,-1.011065,-1.227941,28,2,2020
"104",2,178,-1.357909,-1.044102,-0.0044727,-1.979135,-1.451999,7,25,2018
"105",2,178,-1.511905,-1.15624,-0.093641,-1.957602,-1.414785,15,8,2019
"106",2,178,-1.511905,-1.15624,-0.093641,-1.957602,-1.414785,16,1,2020
"107",2,178,-1.511905,-1.15624,-0.093641,-1.957602,-1.414785,1,0,2021
"108",2,186,-1.068842,-0.5470828,-0.2870433,-1.084991,-1.07343,26,2,2018
"109",2,186,-1.053791,-0.514649,-0.2724334,-0.9932925,-1.048182,84,3,2019
"110",2,186,-1.053791,-0.514649,-0.2724334,-0.9932925,-1.048182,222,3,2020
"111",2,186,-1.053791,-0.514649,-0.2724334,-0.9932925,-1.048182,54,0,2021
"112",3,21,-0.1381951,-0.5938884,0.0115209,-0.6501819,-0.8238596,81,45,2018
"113",3,21,-0.1960228,-0.6767014,0.0698153,-0.5442569,-0.7755125,80,55,2019
"114",3,21,-0.1960228,-0.6767014,0.0698153,-0.5442569,-0.7755125,79,34,2020
"115",3,21,-0.1960228,-0.6767014,0.0698153,-0.5442569,-0.7755125,10,4,2021
"116",3,39,0.5514317,0.3781868,0.4771462,0.4888904,0.4804583,149,1,2018
"117",3,39,0.722371,0.4231587,0.4602174,0.4980351,0.5440922,279,10,2019
"118",3,39,0.722371,0.4231587,0.4602174,0.4980351,0.5440922,539,9,2020
"119",3,39,0.722371,0.4231587,0.4602174,0.4980351,0.5440922,14,1,2021
"120",3,52,-0.6006837,-0.4471425,-0.3787947,0.035562,-0.8280311,788,755,2018
"121",3,52,-0.5525649,-0.4654403,-0.127452,0.0216385,-0.7624596,878,821,2019
"122",3,52,-0.5525649,-0.4654403,-0.127452,0.0216385,-0.7624596,500,288,2020
"123",3,52,-0.5525649,-0.4654403,-0.127452,0.0216385,-0.7624596,115,79,2021
"124",3,73,-0.8205505,-0.6820061,-0.5292468,-0.1901745,-1.037602,824,623,2018
"125",3,73,-0.8984204,-0.6768408,-0.5461909,-0.2249926,-1.052289,1496,1097,2019
"126",3,73,-0.8984204,-0.6768408,-0.5461909,-0.2249926,-1.052289,893,556,2020
"127",3,73,-0.8984204,-0.6768408,-0.5461909,-0.2249926,-1.052289,65,12,2021
"128",3,78,-0.6184291,-0.6206585,-0.5217014,-0.4447892,-1.030544,736,566,2018
"129",3,78,-0.8084533,-0.6117631,-0.5306973,-0.4927323,-1.00908,1340,928,2019
"130",3,78,-0.8084533,-0.6117631,-0.5306973,-0.4927323,-1.00908,954,656,2020
"131",3,78,-0.8084533,-0.6117631,-0.5306973,-0.4927323,-1.00908,161,91,2021
"132",3,126,-1.092894,-0.8024699,-0.9427003,-0.7052147,-1.059304,296,318,2018
"133",3,126,-1.121844,-0.7708744,-1.034828,-0.6890581,-1.17569,243,25,2019
"134",3,126,-1.121844,-0.7708744,-1.034828,-0.6890581,-1.17569,95,20,2020
"135",3,126,-1.121844,-0.7708744,-1.034828,-0.6890581,-1.17569,8,1,2021
"136",3,135,-0.5544491,-0.019452,0.2688772,0.3613167,-0.0924071,503,2,2018
"137",3,135,-0.579924,0.0655402,0.3068049,0.361897,-0.119035,383,2,2019
"138",3,135,-0.579924,0.0655402,0.3068049,0.361897,-0.119035,376,3,2020
"139",3,135,-0.579924,0.0655402,0.3068049,0.361897,-0.119035,70,2,2021
"140",4,37,-0.2712651,0.4771284,-0.2912534,-0.1852444,-0.2017475,2879,36,2018
"141",4,37,-0.3234968,0.5182531,-0.2403826,-0.2446144,-0.2747186,3615,12,2019
"142",4,37,-0.3234968,0.5182531,-0.2403826,-0.2446144,-0.2747186,2357,9,2020
"143",4,37,-0.3234968,0.5182531,-0.2403826,-0.2446144,-0.2747186,155,0,2021
"144",4,91,1.424979,1.675817,1.055935,1.3436,1.53319,1454,0,2018
"145",4,91,1.475332,1.586664,1.041225,1.326957,1.537965,1300,0,2019
"146",4,91,1.475332,1.586664,1.041225,1.326957,1.537965,1527,0,2020
"147",4,91,1.475332,1.586664,1.041225,1.326957,1.537965,168,0,2021
"148",4,117,-0.4278318,-0.2333477,0.8408516,0.0273581,-0.2666385,60,1,2018
"149",4,117,-0.4417607,-0.1948303,0.6434917,-0.011242,-0.266293,94,0,2019
"150",4,117,-0.4417607,-0.1948303,0.6434917,-0.011242,-0.266293,76,0,2020
"151",4,117,-0.4417607,-0.1948303,0.6434917,-0.011242,-0.266293,14,0,2021
"152",4,129,-1.566452,-1.57276,-0.3389556,-2.361374,-1.634117,25,0,2018
"153",4,129,-1.589358,-1.396788,-0.3049034,-2.396794,-1.651461,37,10,2019
"154",4,129,-1.589358,-1.396788,-0.3049034,-2.396794,-1.651461,46,8,2020
"155",4,129,-1.589358,-1.396788,-0.3049034,-2.396794,-1.651461,15,6,2021
"156",4,161,0.6042064,1.182665,0.6009347,1.10297,1.23576,3560,0,2018
"157",4,161,0.7567343,1.376418,0.4780881,1.069813,1.194071,5404,0,2019
"158",4,161,0.7567343,1.376418,0.4780881,1.069813,1.194071,4918,0,2020
"159",4,161,0.7567343,1.376418,0.4780881,1.069813,1.194071,673,0,2021
"160",4,170,1.027812,1.362331,0.8534263,1.382462,1.111544,567,0,2018
"161",4,170,1.045266,1.436754,0.7195977,1.40276,1.141121,823,0,2019
"162",4,170,1.045266,1.436754,0.7195977,1.40276,1.141121,529,0,2020
"163",4,170,1.045266,1.436754,0.7195977,1.40276,1.141121,123,0,2021
"164",5,29,-1.450813,-1.419982,-1.561205,-0.9778942,-1.496228,844,287,2018
"165",5,29,-1.45847,-1.326322,-1.64903,-0.9495389,-1.431905,791,303,2019
"166",5,29,-1.45847,-1.326322,-1.64903,-0.9495389,-1.431905,646,329,2020
"167",5,29,-1.45847,-1.326322,-1.64903,-0.9495389,-1.431905,52,35,2021
"168",5,47,-0.7168902,-0.8990966,-0.1290753,-0.6979581,-0.9224761,3,0,2018
"169",5,47,-0.8556599,-0.7133427,-0.3445927,-0.7717019,-0.9144034,18,4,2019
"170",5,47,-0.8556599,-0.7133427,-0.3445927,-0.7717019,-0.9144034,35,0,2020
"171",5,47,-0.8556599,-0.7133427,-0.3445927,-0.7717019,-0.9144034,11,2,2021
"172",5,54,-1.316185,-1.727732,-0.5966769,-2.213971,-1.586008,6,1,2018
"173",5,54,-1.394767,-1.757369,-0.7195499,-2.274918,-1.595496,4,0,2019
"174",5,54,-1.394767,-1.757369,-0.7195499,-2.274918,-1.595496,8,1,2020
"175",5,54,-1.394767,-1.757369,-0.7195499,-2.274918,-1.595496,1,0,2021
"176",5,57,-0.4862171,-0.6074697,-1.269462,-0.9712701,-0.4283645,782,1402,2018
"177",5,57,-0.4064651,-0.6345773,-1.279597,-0.8889709,-0.4734782,318,667,2019
"178",5,57,-0.4064651,-0.6345773,-1.279597,-0.8889709,-0.4734782,433,3268,2020
"179",5,57,-0.4064651,-0.6345773,-1.279597,-0.8889709,-0.4734782,115,256,2021
"180",5,94,-0.8523029,-0.4108523,-1.174071,-0.2227789,-0.4111333,463,341,2018
"181",5,94,-0.7772462,-0.3832689,-1.123664,-0.2770375,-0.4543177,352,269,2019
"182",5,94,-0.7772462,-0.3832689,-1.123664,-0.2770375,-0.4543177,434,297,2020
"183",5,94,-0.7772462,-0.3832689,-1.123664,-0.2770375,-0.4543177,27,29,2021
"184",5,107,-1.000645,-1.153121,-0.5702538,-0.7335708,-0.8138813,91,110,2018
"185",5,107,-1.00937,-1.142454,-0.2525476,-0.7300456,-1.008813,327,350,2019
"186",5,107,-1.00937,-1.142454,-0.2525476,-0.7300456,-1.008813,313,354,2020
"187",5,107,-1.00937,-1.142454,-0.2525476,-0.7300456,-1.008813,25,14,2021
"188",5,108,-0.7446045,-0.7286705,-0.4234232,-0.6767547,-0.3803955,43,13,2018
"189",5,108,-0.7811527,-0.7494367,-0.2672529,-0.7011955,-0.3311234,119,27,2019
"190",5,108,-0.7811527,-0.7494367,-0.2672529,-0.7011955,-0.3311234,237,57,2020
"191",5,108,-0.7811527,-0.7494367,-0.2672529,-0.7011955,-0.3311234,36,9,2021
"192",5,121,-0.7809925,-0.8742813,-0.8135263,-0.7521439,-1.0435,134,213,2018
"193",5,121,-0.8010145,-0.8232896,-0.7454386,-0.7247643,-1.020184,352,663,2019
"194",5,121,-0.8010145,-0.8232896,-0.7454386,-0.7247643,-1.020184,658,1782,2020
"195",5,121,-0.8010145,-0.8232896,-0.7454386,-0.7247643,-1.020184,49,70,2021
"196",5,146,0.5783511,0.2068089,0.1185909,0.0864492,0.1178017,21,36,2018
"197",5,146,0.564346,0.1850227,0.1156722,0.0773843,0.0761882,18,44,2019
"198",5,146,0.564346,0.1850227,0.1156722,0.0773843,0.0761882,19,18,2020
"199",5,146,0.564346,0.1850227,0.1156722,0.0773843,0.0761882,2,0,2021
"200",5,159,-1.800312,-2.19103,-2.248764,-2.251584,-2.332044,2383,4495,2018
"201",5,159,-1.709963,-2.237149,-2.383227,-2.203132,-2.350358,2519,4031,2019
"202",5,159,-1.709963,-2.237149,-2.383227,-2.203132,-2.350358,2637,3140,2020
"203",5,159,-1.709963,-2.237149,-2.383227,-2.203132,-2.350358,401,452,2021
"204",5,162,-1.728171,-2.449409,-2.431055,-2.045286,-1.957827,777,1432,2018
"205",5,162,-1.773724,-2.451555,-2.558902,-2.048965,-1.969724,565,1806,2019
"206",5,162,-1.773724,-2.451555,-2.558902,-2.048965,-1.969724,863,2371,2020
"207",5,162,-1.773724,-2.451555,-2.558902,-2.048965,-1.969724,114,223,2021
"208",5,172,-0.4464366,-0.7562658,-0.5617821,-0.622853,-0.555015,40,37,2018
"209",5,172,-0.3908709,-0.8790504,-0.3620471,-0.6409062,-0.5779313,43,35,2019
"210",5,172,-0.3908709,-0.8790504,-0.3620471,-0.6409062,-0.5779313,51,43,2020
"211",5,172,-0.3908709,-0.8790504,-0.3620471,-0.6409062,-0.5779313,2,0,2021
"212",5,180,-1.038054,-0.6060399,-0.6932233,-0.2512031,-0.2948378,347,131,2018
"213",5,180,-1.165626,-0.5852001,-0.6457884,-0.3742244,-0.3146112,361,159,2019
"214",5,180,-1.165626,-0.5852001,-0.6457884,-0.3742244,-0.3146112,664,290,2020
"215",5,180,-1.165626,-0.5852001,-0.6457884,-0.3742244,-0.3146112,135,71,2021
"216",6,2,-0.5219214,0.114788,0.3783375,0.2684412,-0.3923339,222,1,2018
"217",6,2,-0.5287576,-0.0613309,0.1185695,0.2743798,-0.4111794,354,0,2019
"218",6,2,-0.5287576,-0.0613309,0.1185695,0.2743798,-0.4111794,226,0,2020
"219",6,2,-0.5287576,-0.0613309,0.1185695,0.2743798,-0.4111794,12,0,2021
"220",6,4,1.234392,1.908749,1.615139,1.228176,1.579939,7,0,2020
"221",6,4,1.234392,1.908749,1.615139,1.228176,1.579939,2,0,2021
"222",6,11,1.545429,1.490911,0.9801227,1.459116,1.883051,377,6,2020
"223",6,11,1.545429,1.490911,0.9801227,1.459116,1.883051,137,0,2021
"224",6,15,,,,,,6,0,2020
"225",6,16,,,,,,5,0,2020
"226",6,19,-0.1922859,-0.3010303,0.3559107,-0.6518698,-0.8328676,107,0,2018
"227",6,19,-0.059539,-0.1833328,0.2891302,-0.5437806,-0.7944578,186,0,2019
"228",6,19,-0.059539,-0.1833328,0.2891302,-0.5437806,-0.7944578,1811,5,2020
"229",6,19,-0.059539,-0.1833328,0.2891302,-0.5437806,-0.7944578,540,0,2021
"230",6,20,1.551961,1.032227,0.4811862,1.290999,1.363715,820,0,2020
"231",6,20,1.551961,1.032227,0.4811862,1.290999,1.363715,104,0,2021
"232",6,24,-0.5718637,-0.6185398,-0.3866947,-0.2110692,-0.2333702,254,1,2018
"233",6,24,-0.6131452,-0.634277,-0.4004397,-0.1940023,-0.2335416,186,1,2019
"234",6,24,-0.6131452,-0.634277,-0.4004397,-0.1940023,-0.2335416,145,0,2020
"235",6,24,-0.6131452,-0.634277,-0.4004397,-0.1940023,-0.2335416,23,0,2021
"236",6,27,-0.1515384,0.2718757,0.4639785,0.5897425,-0.0298135,322,0,2018
"237",6,27,-0.1551902,0.3390003,0.5401217,0.5316786,0.0358966,398,0,2019
"238",6,27,-0.1551902,0.3390003,0.5401217,0.5316786,0.0358966,911,0,2020
"239",6,27,-0.1551902,0.3390003,0.5401217,0.5316786,0.0358966,60,0,2021
"240",6,40,0.1316723,0.4569183,0.8100172,0.5383773,0.3243876,165,0,2018
"241",6,40,0.1255409,0.4099745,0.7554738,0.5910058,0.3661346,232,2,2019
"242",6,40,0.1255409,0.4099745,0.7554738,0.5910058,0.3661346,142,0,2020
"243",6,40,0.1255409,0.4099745,0.7554738,0.5910058,0.3661346,9,0,2021
"244",6,43,0.6400679,0.9209022,0.4993934,0.873209,0.7528808,97,1,2018
"245",6,43,0.6048772,0.9924904,0.5165108,1.012343,0.7598994,216,1,2019
"246",6,43,0.6048772,0.9924904,0.5165108,1.012343,0.7598994,271,0,2020
"247",6,43,0.6048772,0.9924904,0.5165108,1.012343,0.7598994,30,0,2021
"248",6,44,0.5062277,0.8856382,0.952085,1.245128,1.046504,227,0,2020
"249",6,44,0.5062277,0.8856382,0.952085,1.245128,1.046504,32,0,2021
"250",6,46,2.107368,1.937899,1.008821,1.565012,1.898457,597,1,2020
"251",6,46,2.107368,1.937899,1.008821,1.565012,1.898457,58,0,2021
"252",6,55,1.542329,1.174747,0.6388937,1.591124,1.281257,141,0,2020
"253",6,55,1.542329,1.174747,0.6388937,1.591124,1.281257,24,0,2021
"254",6,59,,,,,,2,0,2020
"255",6,60,2.153081,1.929313,0.9090824,1.851015,2.022146,248,2,2020
"256",6,60,2.153081,1.929313,0.9090824,1.851015,2.022146,20,0,2021
"257",6,61,1.300968,1.384611,0.313681,1.440292,1.412058,5456,6,2020
"258",6,61,1.300968,1.384611,0.313681,1.440292,1.412058,1011,0,2021
"259",6,66,1.895473,1.585309,0.5828653,1.72305,1.618773,4792,13,2020
"260",6,66,1.895473,1.585309,0.5828653,1.72305,1.618773,468,0,2021
"261",6,68,,,,,,1,0,2020
"262",6,69,-0.0660192,0.3382609,0.1740548,0.4140628,0.1526495,320,8,2018
"263",6,69,-0.0118192,0.4055903,0.2909985,0.529879,0.198838,867,6,2019
"264",6,69,-0.0118192,0.4055903,0.2909985,0.529879,0.198838,939,6,2020
"265",6,69,-0.0118192,0.4055903,0.2909985,0.529879,0.198838,111,0,2021
"266",6,70,1.043699,0.8137978,1.896815,1.360825,1.745989,2,0,2020
"267",6,70,1.043699,0.8137978,1.896815,1.360825,1.745989,2,0,2021
"268",6,79,-0.0010352,0.4953651,0.7325271,0.6034867,0.4931345,207,0,2020
"269",6,79,-0.0010352,0.4953651,0.7325271,0.6034867,0.4931345,6,0,2021
"270",6,80,1.707973,1.518278,1.655899,1.372984,1.766924,33,3,2020
"271",6,80,1.707973,1.518278,1.655899,1.372984,1.766924,7,0,2021
"272",6,85,1.458099,1.281375,0.9733633,1.60191,1.39423,302,0,2020
"273",6,85,1.458099,1.281375,0.9733633,1.60191,1.39423,16,0,2021
"274",6,86,,,,,,7,0,2020
"275",6,88,0.2398421,0.4619361,0.4626993,0.9549631,0.280191,5738,0,2020
"276",6,88,0.2398421,0.4619361,0.4626993,0.9549631,0.280191,929,0,2021
"277",6,95,-0.5190936,-0.4283053,-0.6640014,-0.325615,-0.3710781,145,3,2018
"278",6,95,-0.5561343,-0.3494129,-0.3924663,-0.3472778,-0.3930174,137,0,2019
"279",6,95,-0.5561343,-0.3494129,-0.3924663,-0.3472778,-0.3930174,104,0,2020
"280",6,95,-0.5561343,-0.3494129,-0.3924663,-0.3472778,-0.3930174,11,0,2021
"281",6,99,0.4849398,1.105028,0.4488481,1.192686,1.013924,70,0,2020
"282",6,99,0.4849398,1.105028,0.4488481,1.192686,1.013924,6,0,2021
"283",6,104,1.968311,1.696766,1.627746,1.540814,1.679333,2,0,2020
"284",6,105,0.675986,1.043381,0.842194,1.157364,1.022871,61,0,2020
"285",6,105,0.675986,1.043381,0.842194,1.157364,1.022871,7,0,2021
"286",6,106,2.112196,1.733646,1.362118,1.699882,1.793426,38,0,2020
"287",6,106,2.112196,1.733646,1.362118,1.699882,1.793426,4,0,2021
"288",6,111,0.2393866,0.85842,1.090187,0.9556454,0.9522323,56,0,2020
"289",6,111,0.2393866,0.85842,1.090187,0.9556454,0.9522323,2,0,2021
"290",6,115,-0.7268325,-0.4665205,-0.395564,-0.0303003,-0.4136537,189,0,2018
"291",6,115,-0.6186848,-0.3834049,-0.3827971,0.0097867,-0.3730286,237,0,2019
"292",6,115,-0.6186848,-0.3834049,-0.3827971,0.0097867,-0.3730286,304,0,2020
"293",6,115,-0.6186848,-0.3834049,-0.3827971,0.0097867,-0.3730286,38,0,2021
"294",6,116,,,1.591874,,,3,0,2020
"295",6,116,,,1.591874,,,1,0,2021
"296",6,118,0.0228173,0.1311615,0.0525616,0.3582489,0.0984407,92,2,2018
"297",6,118,-0.0301263,0.1562576,0.0106019,0.3652315,0.0957448,146,0,2019
"298",6,118,-0.0301263,0.1562576,0.0106019,0.3652315,0.0957448,357,0,2020
"299",6,118,-0.0301263,0.1562576,0.0106019,0.3652315,0.0957448,8,0,2021
"300",6,125,1.999758,1.798008,0.8572519,1.861079,1.808467,730,1,2020
"301",6,125,1.999758,1.798008,0.8572519,1.861079,1.808467,129,0,2021
"302",6,130,-0.3648497,0.0902431,-0.2000881,0.5263917,-0.2839102,85,1,2018
"303",6,130,-0.4094637,-0.0024858,-0.0492005,0.5087845,-0.2434363,197,0,2019
"304",6,130,-0.4094637,-0.0024858,-0.0492005,0.5087845,-0.2434363,234,0,2020
"305",6,130,-0.4094637,-0.0024858,-0.0492005,0.5087845,-0.2434363,22,0,2021
"306",6,131,2.073468,1.862292,1.186128,1.804055,1.984915,303,1,2020
"307",6,131,2.073468,1.862292,1.186128,1.804055,1.984915,35,0,2021
"308",6,139,0.602715,0.6016292,0.5215149,1.014124,0.452093,1836,0,2020
"309",6,139,0.602715,0.6016292,0.5215149,1.014124,0.452093,293,0,2021
"310",6,140,0.7639953,1.154005,1.128248,0.969747,1.135677,373,2,2020
"311",6,140,0.7639953,1.154005,1.128248,0.969747,1.135677,40,0,2021
"312",6,144,,,,,,486,0,2018
"313",6,144,,,,,,602,1,2019
"314",6,144,,,,,,200,3,2020
"315",6,144,,,,,,96,0,2021
"316",6,145,-0.8452116,-0.0608858,-0.5320781,-0.5463259,-0.8152295,1544,104,2018
"317",6,145,-0.8318732,0.1503649,-0.542304,-0.4316224,-0.7236885,2101,46,2019
"318",6,145,-0.8318732,0.1503649,-0.542304,-0.4316224,-0.7236885,1624,53,2020
"319",6,145,-0.8318732,0.1503649,-0.542304,-0.4316224,-0.7236885,506,6,2021
"320",6,151,,,0.8996959,,,5,0,2020
"321",6,154,-0.3702491,0.1116198,0.0172842,0.1131436,-0.1466,217,5,2018
"322",6,154,-0.4455515,0.0190787,-0.0916651,0.1138671,-0.1190698,1067,1,2019
"323",6,154,-0.4455515,0.0190787,-0.0916651,0.1138671,-0.1190698,413,0,2020
"324",6,154,-0.4455515,0.0190787,-0.0916651,0.1138671,-0.1190698,27,0,2021
"325",6,157,0.3272027,0.6739017,0.7827882,1.00678,0.5567357,152,0,2020
"326",6,157,0.3272027,0.6739017,0.7827882,1.00678,0.5567357,3,0,2021
"327",6,158,0.9058987,1.081404,0.8167541,1.008839,1.118421,135,0,2020
"328",6,158,0.9058987,1.081404,0.8167541,1.008839,1.118421,34,0,2021
"329",6,163,0.6467961,0.9990447,0.3228728,1.05019,0.9790522,3495,1,2020
"330",6,163,0.6467961,0.9990447,0.3228728,1.05019,0.9790522,657,0,2021
"331",6,167,2.118478,1.829901,1.051791,1.801675,1.906526,958,1,2020
"332",6,167,2.118478,1.829901,1.051791,1.801675,1.906526,99,0,2021
"333",6,168,1.977295,1.95212,1.336993,1.664479,1.906641,169,0,2020
"334",6,168,1.977295,1.95212,1.336993,1.664479,1.906641,7,0,2021
"335",6,181,-0.8737929,-0.4152199,-1.858748,-0.2965778,-0.7177447,13560,827,2018
"336",6,181,-0.7095972,-0.2965825,-1.52387,-0.2586701,-0.6983514,16555,403,2019
"337",6,181,-0.7095972,-0.2965825,-1.52387,-0.2586701,-0.6983514,9919,109,2020
"338",6,181,-0.7095972,-0.2965825,-1.52387,-0.2586701,-0.6983514,889,9,2021
"339",6,183,1.774812,1.435909,0.5191886,1.625853,1.600911,2370,5,2020
"340",6,183,1.774812,1.435909,0.5191886,1.625853,1.600911,80,1,2021
"341",6,187,,,,,,3,0,2020
"342",7,5,-1.144679,-1.052086,-0.3166307,-0.8750386,-1.047832,67,40,2018
"343",7,5,-1.054683,-1.117144,-0.3111005,-0.8938714,-1.054343,63,23,2019
"344",7,5,-1.054683,-1.117144,-0.3111005,-0.8938714,-1.054343,128,74,2020
"345",7,5,-1.054683,-1.117144,-0.3111005,-0.8938714,-1.054343,24,10,2021
"346",7,31,-1.151188,-0.7996525,-1.393837,-0.7983038,-1.079458,658,1438,2018
"347",7,31,-1.208662,-0.8121465,-1.555283,-0.8270048,-1.118909,840,1232,2019
"348",7,31,-1.208662,-0.8121465,-1.555283,-0.8270048,-1.118909,1398,1589,2020
"349",7,31,-1.208662,-0.8121465,-1.555283,-0.8270048,-1.118909,159,111,2021
"350",7,34,-1.233546,-1.720417,-2.171953,-1.367176,-1.687227,526,916,2018
"351",7,34,-1.22844,-1.747201,-2.182968,-1.372812,-1.728386,300,573,2019
"352",7,34,-1.22844,-1.747201,-2.182968,-1.372812,-1.728386,537,427,2020
"353",7,34,-1.22844,-1.747201,-2.182968,-1.372812,-1.728386,101,145,2021
"354",7,35,-1.410568,-1.528847,-1.47283,-1.110758,-1.304976,75,259,2018
"355",7,35,-1.420567,-1.568404,-1.340024,-1.119248,-1.283358,210,567,2019
"356",7,35,-1.420567,-1.568404,-1.340024,-1.119248,-1.283358,159,738,2020
"357",7,35,-1.420567,-1.568404,-1.340024,-1.119248,-1.283358,21,50,2021
"358",7,45,-1.503585,-1.554787,-2.107878,-1.474025,-1.783715,1567,2726,2018
"359",7,45,-1.538931,-1.627429,-1.808007,-1.509667,-1.786088,2634,3843,2019
"360",7,45,-1.538931,-1.627429,-1.808007,-1.509667,-1.786088,3385,5766,2020
"361",7,45,-1.538931,-1.627429,-1.808007,-1.509667,-1.786088,504,649,2021
"362",7,53,-1.559879,-1.29438,-0.0839038,-1.544196,-1.414762,5,2,2018
"363",7,53,-1.722886,-1.342012,-0.1909256,-1.520516,-1.422315,3,1,2019
"364",7,53,-1.722886,-1.342012,-0.1909256,-1.520516,-1.422315,7,0,2020
"365",7,63,-0.8557801,-0.8122834,-0.2450999,-0.915203,-0.7061421,28,0,2018
"366",7,63,-0.9354914,-0.8977532,-0.1782095,-0.9571223,-0.732851,47,6,2019
"367",7,63,-0.9354914,-0.8977532,-0.1782095,-0.9571223,-0.732851,36,4,2020
"368",7,63,-0.9354914,-0.8977532,-0.1782095,-0.9571223,-0.732851,4,2,2021
"369",7,143,-1.358974,-1.217236,-0.339566,-1.329745,-1.101009,10,28,2018
"370",7,143,-1.409547,-1.387707,-0.8926991,-1.299436,-1.149709,18,2,2019
"371",7,143,-1.409547,-1.387707,-0.8926991,-1.299436,-1.149709,14,1,2020
"372",7,143,-1.409547,-1.387707,-0.8926991,-1.299436,-1.149709,1,0,2021
"373",8,14,-0.147291,0.1798774,-0.8409045,0.4169226,0.4122726,1220,0,2018
"374",8,14,-0.010218,0.298761,-0.661518,0.4850985,0.4943778,683,1,2019
"375",8,14,-0.010218,0.298761,-0.661518,0.4850985,0.4943778,249,0,2020
"376",8,14,-0.010218,0.298761,-0.661518,0.4850985,0.4943778,61,0,2021
"377",8,83,-0.9589301,-0.4302173,-1.337683,-1.376154,-0.6935748,2068,126,2018
"378",8,83,-1.047961,-0.5535024,-1.698151,-1.423137,-0.7493721,2541,452,2019
"379",8,83,-1.047961,-0.5535024,-1.698151,-1.423137,-0.7493721,2266,370,2020
"380",8,83,-1.047961,-0.5535024,-1.698151,-1.423137,-0.7493721,466,10,2021
"381",8,84,-1.399581,-1.320548,-2.516502,-1.162634,-1.758796,2886,4801,2018
"382",8,84,-1.336654,-1.33627,-2.564838,-1.179968,-1.722463,3527,3705,2019
"383",8,84,-1.336654,-1.33627,-2.564838,-1.179968,-1.722463,5853,2708,2020
"384",8,84,-1.336654,-1.33627,-2.564838,-1.179968,-1.722463,749,344,2021
"385",8,87,0.786691,1.208207,-0.9020357,1.246901,0.993224,559,8,2018
"386",8,87,0.8059544,1.325652,-0.7785231,1.280995,1.04759,573,8,2019
"387",8,87,0.8059544,1.325652,-0.7785231,1.280995,1.04759,5210,0,2020
"388",8,87,0.8059544,1.325652,-0.7785231,1.280995,1.04759,1725,2,2021
"389",8,92,0.1495778,0.112718,-0.412433,0.0298972,0.2334316,72,6,2018
"390",8,92,0.1279795,0.0994703,-0.3578623,0.0346094,0.1439575,269,6,2019
"391",8,92,0.1279795,0.0994703,-0.3578623,0.0346094,0.1439575,122,7,2020
"392",8,92,0.1279795,0.0994703,-0.3578623,0.0346094,0.1439575,3,0,2021
"393",8,96,-0.2894517,-0.0878059,0.1098001,0.0256516,0.2104,5,0,2018
"394",8,96,-0.132789,0.0184673,0.2003809,0.0649239,0.215674,22,0,2019
"395",8,96,-0.132789,0.0184673,0.2003809,0.0649239,0.215674,21,1,2020
"396",8,100,-1.109051,-0.6402023,-1.618437,-0.4371197,-0.764344,279,27,2018
"397",8,100,-1.160213,-0.8328025,-1.63874,-0.4255922,-0.8582801,3231,24,2019
"398",8,100,-1.160213,-0.8328025,-1.63874,-0.4255922,-0.8582801,2474,42,2020
"399",8,100,-1.160213,-0.8328025,-1.63874,-0.4255922,-0.8582801,266,5,2021
"400",8,132,0.2461315,0.1865782,0.6551499,0.1733039,0.464404,1,0,2018
"401",8,132,0.4521289,0.2593093,0.5934848,0.2924571,0.5544039,5,0,2019
"402",8,132,0.4521289,0.2593093,0.5934848,0.2924571,0.5544039,6,0,2020
"403",8,134,-0.1954311,-0.7608902,-1.805423,0.0188407,-0.4837712,1678,329,2018
"404",8,134,-0.2595741,-0.7440846,-1.942078,0.0338156,-0.4854801,2255,158,2019
"405",8,134,-0.2595741,-0.7440846,-1.942078,0.0338156,-0.4854801,1169,38,2020
"406",8,134,-0.2595741,-0.7440846,-1.942078,0.0338156,-0.4854801,283,8,2021
"407",8,142,0.8489959,0.7052068,0.7046954,0.6793299,0.7343184,4,0,2019
"408",8,142,0.8489959,0.7052068,0.7046954,0.6793299,0.7343184,4,0,2020
"409",8,152,0.3597602,0.3234982,-0.5525482,-0.0757623,0.1414093,671,1243,2018
"410",8,152,0.2746393,0.3064449,-0.427996,-0.0681949,0.1685559,297,1009,2019
"411",8,152,0.2746393,0.3064449,-0.427996,-0.0681949,0.1685559,119,74,2020
"412",8,152,0.2746393,0.3064449,-0.427996,-0.0681949,0.1685559,15,0,2021
"413",8,169,-1.627016,-1.671169,-2.731462,-1.738145,-2.047248,16017,23755,2018
"414",8,169,-1.688553,-1.711279,-2.727996,-1.757903,-2.076063,19641,15301,2019
"415",8,169,-1.688553,-1.711279,-2.727996,-1.757903,-2.076063,12037,7959,2020
"416",8,169,-1.688553,-1.711279,-2.727996,-1.757903,-2.076063,1754,1085,2021
"417",8,177,-0.3354134,0.0060968,-1.308683,0.0175277,-0.3194206,1522,1833,2018
"418",8,177,-0.2909701,0.048386,-1.342829,-0.0073169,-0.2829632,3384,951,2019
"419",8,177,-0.2909701,0.048386,-1.342829,-0.0073169,-0.2829632,4218,543,2020
"420",8,177,-0.2909701,0.048386,-1.342829,-0.0073169,-0.2829632,681,13,2021
"421",8,182,1.151779,1.431291,0.7123252,0.9307647,0.8058425,2,0,2018
"422",8,182,1.106342,1.377221,0.7034943,0.9793252,0.8402188,2,0,2019
"423",8,182,1.106342,1.377221,0.7034943,0.9793252,0.8402188,4,2,2020
"424",8,191,-1.638176,-2.244354,-2.993311,-1.586586,-1.789885,9937,30272,2018
"425",8,191,-1.681461,-2.279422,-2.768294,-1.66393,-1.773346,11866,28030,2019
"426",8,191,-1.681461,-2.279422,-2.768294,-1.66393,-1.773346,11794,19762,2020
"427",8,191,-1.681461,-2.279422,-2.768294,-1.66393,-1.773346,1286,2071,2021
"428",9,114,-0.8544276,-0.153388,-0.5734344,0.1584301,-0.6378888,11632,8371,2018
"429",9,114,-0.8210801,-0.1570084,-0.714571,0.1036798,-0.6581036,13446,9365,2019
"430",9,114,-0.8210801,-0.1570084,-0.714571,0.1036798,-0.6581036,13622,8406,2020
"431",9,114,-0.8210801,-0.1570084,-0.714571,0.1036798,-0.6581036,1762,1253,2021
"432",9,184,1.215326,1.489182,0.2979858,1.345358,1.461094,23172,134,2020
"433",9,184,1.215326,1.489182,0.2979858,1.345358,1.461094,1857,16,2021
"434",10,3,-0.6301624,-0.4439246,-0.8265918,-1.26254,-0.7752355,584,42,2018
"435",10,3,-0.6218498,-0.5161746,-1.003575,-1.303379,-0.8154638,2145,22,2019
"436",10,3,-0.6218498,-0.5161746,-1.003575,-1.303379,-0.8154638,2186,33,2020
"437",10,3,-0.6218498,-0.5161746,-1.003575,-1.303379,-0.8154638,329,17,2021
"438",10,51,-0.5658687,-0.5848041,-1.170035,-0.8632245,-0.4123932,407,961,2018
"439",10,51,-0.670213,-0.4235377,-1.066421,-0.827766,-0.420846,755,1003,2019
"440",10,51,-0.670213,-0.4235377,-1.066421,-0.827766,-0.420846,644,626,2020
"441",10,51,-0.670213,-0.4235377,-1.066421,-0.827766,-0.420846,78,69,2021
"442",10,103,-1.552905,-1.847037,-2.432416,-2.284616,-1.785323,637,907,2018
"443",10,103,-1.603637,-1.922143,-2.565753,-2.346947,-1.848054,1358,2086,2019
"444",10,103,-1.603637,-1.922143,-2.565753,-2.346947,-1.848054,1368,1496,2020
"445",10,103,-1.603637,-1.922143,-2.565753,-2.346947,-1.848054,10,3,2021
"446",10,120,-0.2173273,-0.2092959,-0.3363768,-0.2855255,-0.1386846,196,7,2018
"447",10,120,-0.2765363,-0.1192252,-0.3693984,-0.2115284,-0.1356491,876,5,2019
"448",10,120,-0.2765363,-0.1192252,-0.3693984,-0.2115284,-0.1356491,1379,4,2020
"449",10,120,-0.2765363,-0.1192252,-0.3693984,-0.2115284,-0.1356491,191,4,2021
"450",10,165,-1.426554,-1.619857,-1.812513,-1.620749,-1.119575,643,951,2018
"451",10,165,-1.366985,-1.621905,-1.673614,-1.673834,-1.140473,1593,776,2019
"452",10,165,-1.366985,-1.621905,-1.673614,-1.673834,-1.140473,1012,957,2020
"453",10,165,-1.366985,-1.621905,-1.673614,-1.673834,-1.140473,198,391,2021
"454",10,176,-0.0536738,-0.1052618,-0.8593076,-0.5130697,0.0391134,528,28,2018
"455",10,176,-0.0770505,-0.1022739,-0.8325363,-0.4372052,0.0622187,1469,30,2019
"456",10,176,-0.0770505,-0.1022739,-0.8325363,-0.4372052,0.0622187,1772,15,2020
"457",10,176,-0.0770505,-0.1022739,-0.8325363,-0.4372052,0.0622187,323,5,2021
"458",11,8,-0.0702693,0.0259878,0.0192217,-0.2856962,-0.2428666,1930,25,2018
"459",11,8,-0.0710714,-0.0864859,-0.1199785,-0.4927526,-0.4307256,1272,17,2019
"460",11,8,-0.0710714,-0.0864859,-0.1199785,-0.4927526,-0.4307256,2935,19,2020
"461",11,8,-0.0710714,-0.0864859,-0.1199785,-0.4927526,-0.4307256,361,1,2021
"462",11,23,-0.6219789,-0.3220994,-0.2783669,-0.9080035,-1.147712,304,26,2018
"463",11,23,-0.7421893,-0.699218,-0.6153547,-0.9934062,-1.121389,620,18,2019
"464",11,23,-0.7421893,-0.699218,-0.6153547,-0.9934062,-1.121389,781,1,2020
"465",11,23,-0.7421893,-0.699218,-0.6153547,-0.9934062,-1.121389,111,1,2021
"466",11,26,-0.3999677,-0.4474374,-0.3863459,-0.3239611,-0.2537811,14658,5428,2018
"467",11,26,-0.3339985,-0.186738,-0.5464811,-0.177794,-0.180904,10783,4812,2019
"468",11,26,-0.3339985,-0.186738,-0.5464811,-0.177794,-0.180904,9791,4955,2020
"469",11,26,-0.3339985,-0.186738,-0.5464811,-0.177794,-0.180904,1522,780,2021
"470",11,36,1.046754,1.084034,0.4351017,1.33739,1.089803,1393,5,2018
"471",11,36,1.088457,1.06042,0.2063824,1.224169,1.073613,2923,41,2019
"472",11,36,1.088457,1.06042,0.2063824,1.224169,1.073613,2109,23,2020
"473",11,36,1.088457,1.06042,0.2063824,1.224169,1.073613,219,5,2021
"474",11,38,-0.2874098,-0.0852262,-0.7874593,0.3173888,-0.4063349,1669,741,2018
"475",11,38,-0.2291671,0.0712232,-0.900254,0.3966121,-0.4169289,1812,743,2019
"476",11,38,-0.2291671,0.0712232,-0.900254,0.3966121,-0.4169289,1544,823,2020
"477",11,38,-0.2291671,0.0712232,-0.900254,0.3966121,-0.4169289,342,137,2021
"478",11,50,-0.5656243,-0.2613976,-0.0808058,-0.8689445,-0.6388752,176,14,2018
"479",11,50,-0.4964109,-0.3985842,-0.1890175,-0.8236187,-0.5773571,427,12,2019
"480",11,50,-0.4964109,-0.3985842,-0.1890175,-0.8236187,-0.5773571,439,30,2020
"481",11,50,-0.4964109,-0.3985842,-0.1890175,-0.8236187,-0.5773571,45,1,2021
"482",11,58,,,,,,1,0,2020
"483",11,62,0.9526603,1.397863,0.528242,1.305632,1.209605,39,0,2018
"484",11,62,0.9192378,1.387373,0.2772611,1.314049,1.165919,17,0,2020
"485",11,62,0.9192378,1.387373,0.2772611,1.314049,1.165919,2,0,2021
"486",11,76,-0.2267126,-0.2694839,-0.1791495,-0.5409482,-0.372387,86,1,2018
"487",11,76,-0.0918997,-0.3860605,-0.2370798,-0.6206163,-0.4313481,53,2,2019
"488",11,76,-0.0918997,-0.3860605,-0.2370798,-0.6206163,-0.4313481,127,5,2020
"489",11,76,-0.0918997,-0.3860605,-0.2370798,-0.6206163,-0.4313481,4,0,2021
"490",11,136,-0.8388299,-0.5172144,-0.0713127,-0.0752819,-0.523654,242,2,2018
"491",11,136,-0.8293102,-0.5337567,-0.0019132,-0.203458,-0.5564034,584,13,2019
"492",11,136,-0.8293102,-0.5337567,-0.0019132,-0.203458,-0.5564034,778,18,2020
"493",11,136,-0.8293102,-0.5337567,-0.0019132,-0.203458,-0.5564034,101,7,2021
"494",11,137,-0.5318839,-0.2454309,-0.2617153,0.4983543,-0.5298474,341,16,2018
"495",11,137,-0.4476908,-0.0675457,-0.1417345,0.5639061,-0.4872026,752,32,2019
"496",11,137,-0.4476908,-0.0675457,-0.1417345,0.5639061,-0.4872026,1232,41,2020
"497",11,137,-0.4476908,-0.0675457,-0.1417345,0.5639061,-0.4872026,170,3,2021
"498",11,166,-0.2114974,-0.6553037,0.0733391,-0.6514152,-0.0642001,32,0,2018
"499",11,166,-0.3932373,-0.5900614,0.1134033,-0.6795514,-0.0596512,12,7,2019
"500",11,166,-0.3932373,-0.5900614,0.1134033,-0.6795514,-0.0596512,39,1,2020
"501",11,166,-0.3932373,-0.5900614,0.1134033,-0.6795514,-0.0596512,4,0,2021
"502",11,185,1.259947,0.5582148,1.041839,0.5127553,0.5945194,26,0,2018
"503",11,185,1.246511,0.6957388,1.045503,0.5094084,0.6212631,45,3,2019
"504",11,185,1.246511,0.6957388,1.045503,0.5094084,0.6212631,44,0,2020
"505",11,188,-1.470778,-1.581517,-1.31525,-2.363919,-2.322118,2020,616,2018
"506",11,188,-1.50984,-1.658307,-1.445485,-2.359116,-2.320054,3549,1134,2019
"507",11,188,-1.50984,-1.658307,-1.445485,-2.359116,-2.320054,2954,439,2020
"508",11,188,-1.50984,-1.658307,-1.445485,-2.359116,-2.320054,272,25,2021
"509",12,17,-0.9051279,-0.7483993,-0.985925,-0.8328668,-0.6402208,1146,229,2018
"510",12,17,-0.9938096,-0.7392301,-0.9181735,-0.9289543,-0.6363084,1717,383,2019
"511",12,17,-0.9938096,-0.7392301,-0.9181735,-0.9289543,-0.6363084,1519,278,2020
"512",12,17,-0.9938096,-0.7392301,-0.9181735,-0.9289543,-0.6363084,280,32,2021
"513",12,81,-0.1863026,0.2830485,-0.977272,-0.2250376,0.0259461,15832,1866,2018
"514",12,81,-0.233254,0.1715544,-0.7027684,-0.1605557,-0.0307584,23917,1531,2019
"515",12,81,-0.233254,0.1715544,-0.7027684,-0.1605557,-0.0307584,18034,1291,2020
"516",12,81,-0.233254,0.1715544,-0.7027684,-0.1605557,-0.0307584,2849,87,2021
"517",12,124,-0.6737257,-0.9023383,-0.5957747,-0.7374361,-0.4781068,690,13,2018
"518",12,124,-0.6740938,-1.0452,-0.4656303,-0.7013751,-0.5355341,1059,16,2019
"519",12,124,-0.6740938,-1.0452,-0.4656303,-0.7013751,-0.5355341,837,20,2020
"520",12,124,-0.6740938,-1.0452,-0.4656303,-0.7013751,-0.5355341,437,1,2021
"521",12,133,-0.7908247,-0.6338443,-2.257847,-0.6366072,-0.6729922,5799,1094,2018
"522",12,133,-0.8467407,-0.6770047,-2.246336,-0.6444789,-0.6675787,7690,1157,2019
"523",12,133,-0.8467407,-0.6770047,-2.246336,-0.6444789,-0.6675787,8811,813,2020
"524",12,133,-0.8467407,-0.6770047,-2.246336,-0.6444789,-0.6675787,1146,131,2021
"525",12,164,-0.3355731,-0.2353793,-0.1367198,-0.1744439,0.0260529,555,25,2018
"526",12,164,-0.3194701,-0.1135499,-0.2281242,-0.1843704,-0.0119834,953,304,2019
"527",12,164,-0.3194701,-0.1135499,-0.2281242,-0.1843704,-0.0119834,529,35,2020
"528",12,164,-0.3194701,-0.1135499,-0.2281242,-0.1843704,-0.0119834,135,1,2021
"529",13,30,-1.325735,-0.568605,0.1112419,-0.4992177,-1.114451,78,13,2018
"530",13,30,-1.302401,-0.5791857,-0.0808967,-0.5688344,-0.9356683,98,5,2019
"531",13,30,-1.302401,-0.5791857,-0.0808967,-0.5688344,-0.9356683,131,12,2020
"532",13,30,-1.302401,-0.5791857,-0.0808967,-0.5688344,-0.9356683,13,0,2021
"533",13,82,-0.251563,0.1798754,-0.5367906,-0.1410355,-0.3150386,797,162,2018
"534",13,82,-0.4189961,0.1827407,-0.4812067,-0.0933143,-0.3425302,1358,219,2019
"535",13,82,-0.4189961,0.1827407,-0.4812067,-0.0933143,-0.3425302,1785,118,2020
"536",13,82,-0.4189961,0.1827407,-0.4812067,-0.0933143,-0.3425302,156,29,2021
"537",13,98,-0.9827906,-0.672724,0.4158941,-0.7752438,-0.8424519,3,0,2018
"538",13,98,-1.058229,-0.7845454,0.5250729,-0.7132146,-0.9411008,4,2,2019
"539",13,98,-1.058229,-0.7845454,0.5250729,-0.7132146,-0.9411008,4,2,2020
"540",13,109,0.3140343,1.075348,0.2595588,0.6979557,0.6228108,175,12,2018
"541",13,109,0.2475228,0.9986857,0.1102767,0.6731408,0.5909452,201,13,2019
"542",13,109,0.2475228,0.9986857,0.1102767,0.6731408,0.5909452,85,2,2020
"543",13,109,0.2475228,0.9986857,0.1102767,0.6731408,0.5909452,11,1,2021
"544",13,122,-0.5883577,-1.068652,-1.258713,-0.7442002,-1.032395,879,197,2018
"545",13,122,-0.6251955,-1.149869,-1.261767,-0.7603928,-1.062784,1807,1495,2019
"546",13,122,-0.6251955,-1.149869,-1.261767,-0.7603928,-1.062784,1453,657,2020
"547",13,122,-0.6251955,-1.149869,-1.261767,-0.7603928,-1.062784,1220,55,2021
"548",13,138,-0.5448732,0.0495094,-1.082172,-0.0565737,-0.4777236,1612,1617,2018
"549",13,138,-0.5733455,0.0529682,-0.8849657,0.0093082,-0.4773007,1831,1622,2019
"550",13,138,-0.5733455,0.0529682,-0.8849657,0.0093082,-0.4773007,1664,1448,2020
"551",13,138,-0.5733455,0.0529682,-0.8849657,0.0093082,-0.4773007,242,239,2021
"552",13,173,-0.3988422,0.3499596,-0.7901956,0.1005475,0.0230287,513,195,2018
"553",13,173,-0.4073985,0.3570563,-0.5375581,0.116105,0.1028816,525,172,2019
"554",13,173,-0.4073985,0.3570563,-0.5375581,0.116105,0.1028816,989,102,2020
"555",13,173,-0.4073985,0.3570563,-0.5375581,0.116105,0.1028816,106,5,2021
"556",13,189,-0.4854065,-0.0034448,0.1134106,-0.347865,-0.00354,45,3,2018
"557",13,189,-0.5138411,0.0390768,0.1318749,-0.2623483,-0.0168988,58,1,2019
"558",13,189,-0.5138411,0.0390768,0.1318749,-0.2623483,-0.0168988,20,4,2020
"559",14,25,0.7486417,0.3334411,0.9779608,0.453949,0.4660194,9,1,2018
"560",14,25,0.7078156,0.429048,1.011297,0.3700964,0.4984392,12,0,2019
"561",14,25,0.7078156,0.429048,1.011297,0.3700964,0.4984392,12,7,2020
"562",14,56,-0.2176961,-0.6599468,-0.3645701,-0.6154431,-0.2486529,8,0,2018
"563",14,56,-0.4876726,-0.678317,-0.3785959,-0.6122774,-0.5018827,31,3,2019
"564",14,56,-0.4876726,-0.678317,-0.3785959,-0.6122774,-0.5018827,33,5,2020
"565",14,56,-0.4876726,-0.678317,-0.3785959,-0.6122774,-0.5018827,5,2,2021
"566",14,101,-0.1029647,-0.8609057,-0.1699952,-0.4996915,-0.3367751,3,0,2018
"567",14,101,-0.0273043,-0.8322617,-0.3546657,-0.5356036,-0.3805971,10,5,2019
"568",14,101,-0.0273043,-0.8322617,-0.3546657,-0.5356036,-0.3805971,21,3,2020
"569",14,101,-0.0273043,-0.8322617,-0.3546657,-0.5356036,-0.3805971,1,0,2021
"570",14,123,0.3381373,0.106442,0.6988704,-0.076009,0.2446169,32,1,2018
"571",14,123,0.3724811,0.0966495,0.5339198,-0.1089083,0.3099801,46,4,2019
"572",14,123,0.3724811,0.0966495,0.5339198,-0.1089083,0.3099801,92,0,2020
"573",14,123,0.3724811,0.0966495,0.5339198,-0.1089083,0.3099801,28,0,2021
"574",14,160,-0.0230474,0.3403786,-0.2191116,0.1297619,-0.1027109,947,77,2018
"575",14,160,0.0849239,0.3673802,-0.2179309,0.1561717,-0.0764077,1572,176,2019
"576",14,160,0.0849239,0.3673802,-0.2179309,0.1561717,-0.0764077,1836,162,2020
"577",14,160,0.0849239,0.3673802,-0.2179309,0.1561717,-0.0764077,145,25,2021
"578",14,192,-0.6562852,-0.5592093,0.0938291,-0.4842296,-0.3450496,50,15,2018
"579",14,192,-0.6403451,-0.6752145,-0.1022162,-0.5542691,-0.4620693,37,10,2019
"580",14,192,-0.6403451,-0.6752145,-0.1022162,-0.5542691,-0.4620693,98,38,2020
"581",14,192,-0.6403451,-0.6752145,-0.1022162,-0.5542691,-0.4620693,4,3,2021
"582",14,193,-1.234743,-1.19886,-0.7134061,-1.503522,-1.273343,300,23,2018
"583",14,193,-1.238796,-1.205337,-0.9201785,-1.463199,-1.257009,179,37,2019
"584",14,193,-1.238796,-1.205337,-0.9201785,-1.463199,-1.257009,161,20,2020
"585",14,193,-1.238796,-1.205337,-0.9201785,-1.463199,-1.257009,3,1,2021
"586",15,22,-0.3859641,-0.5659866,-0.1326304,-0.3369086,-0.6751398,23,23,2018
"587",15,22,-0.3237639,-0.4406517,-0.3478641,-0.3759647,-0.6641259,60,35,2019
"588",15,22,-0.3237639,-0.4406517,-0.3478641,-0.3759647,-0.6641259,73,42,2020
"589",15,22,-0.3237639,-0.4406517,-0.3478641,-0.3759647,-0.6641259,10,10,2021
"590",15,28,-0.1129444,-0.5783429,-1.049443,-0.3715874,-0.4456363,378,295,2018
"591",15,28,-0.1886562,-0.7585109,-1.188618,-0.376492,-0.4262591,891,2220,2019
"592",15,28,-0.1886562,-0.7585109,-1.188618,-0.376492,-0.4262591,872,2298,2020
"593",15,28,-0.1886562,-0.7585109,-1.188618,-0.376492,-0.4262591,89,147,2021
"594",15,64,-0.4623365,-0.6234712,-0.0659801,-0.6283253,-0.4308292,9,3,2018
"595",15,64,-0.2852226,-0.630676,0.1114135,-0.6649198,-0.3715761,18,2,2019
"596",15,64,-0.2852226,-0.630676,0.1114135,-0.6649198,-0.3715761,29,3,2020
"597",15,64,-0.2852226,-0.630676,0.1114135,-0.6649198,-0.3715761,2,0,2021
"598",15,67,-0.1158941,-0.2102704,-0.017135,-0.0917172,0.0715621,91,19,2018
"599",15,67,-0.0790386,-0.210104,0.098347,-0.1110496,0.0468897,187,48,2019
"600",15,67,-0.0790386,-0.210104,0.098347,-0.1110496,0.0468897,290,48,2020
"601",15,67,-0.0790386,-0.210104,0.098347,-0.1110496,0.0468897,5,0,2021
"602",15,74,-1.04368,-0.9709232,-0.8744907,-0.7763806,-1.211245,126,27,2018
"603",15,74,-0.9049651,-0.7787458,-0.8306405,-0.7698209,-1.209028,214,41,2019
"604",15,74,-0.9049651,-0.7787458,-0.8306405,-0.7698209,-1.209028,664,145,2020
"605",15,74,-0.9049651,-0.7787458,-0.8306405,-0.7698209,-1.209028,28,5,2021
"606",15,75,-1.533915,-1.48785,-0.6762453,-1.202787,-1.233773,8,0,2018
"607",15,75,-1.453986,-1.514441,-0.562632,-1.233335,-1.264045,12,1,2019
"608",15,75,-1.453986,-1.514441,-0.562632,-1.233335,-1.264045,22,8,2020
"609",15,75,-1.453986,-1.514441,-0.562632,-1.233335,-1.264045,4,0,2021
"610",15,89,-0.4993051,-0.5705186,-0.8890731,-0.2004344,-0.579603,64,10,2018
"611",15,89,-0.5250723,-0.482588,-0.962356,-0.2428631,-0.5669066,228,45,2019
"612",15,89,-0.5250723,-0.482588,-0.962356,-0.2428631,-0.5669066,450,132,2020
"613",15,89,-0.5250723,-0.482588,-0.962356,-0.2428631,-0.5669066,20,4,2021
"614",15,102,-0.8520926,-1.340831,-0.2454872,-0.9571922,-0.9888872,23,1,2018
"615",15,102,-0.8775807,-1.375133,-0.2290139,-0.9789448,-0.9952112,79,11,2019
"616",15,102,-0.8775807,-1.375133,-0.2290139,-0.9789448,-0.9952112,121,2,2020
"617",15,102,-0.8775807,-1.375133,-0.2290139,-0.9789448,-0.9952112,7,0,2021
"618",15,110,-0.6976493,-1.004638,-2.077425,-0.5552012,-0.7976651,685,1578,2018
"619",15,110,-0.6966435,-1.056444,-2.153436,-0.573186,-0.8342336,819,1875,2019
"620",15,110,-0.6966435,-1.056444,-2.153436,-0.573186,-0.8342336,1265,2849,2020
"621",15,110,-0.6966435,-1.056444,-2.153436,-0.573186,-0.8342336,149,259,2021
"622",15,113,-0.807347,-0.7266325,-0.6199906,-0.810981,-0.6859097,60,3,2018
"623",15,113,-0.8615845,-0.4982125,-0.5422166,-0.7593397,-0.5827179,128,3,2019
"624",15,113,-0.8615845,-0.4982125,-0.5422166,-0.7593397,-0.5827179,339,4,2020
"625",15,113,-0.8615845,-0.4982125,-0.5422166,-0.7593397,-0.5827179,56,0,2021
"626",15,127,-0.5796463,-0.7660425,-1.354283,-0.6391519,-0.5802386,158,488,2018
"627",15,127,-0.5541663,-0.8010617,-1.403038,-0.6687045,-0.5329312,370,719,2019
"628",15,127,-0.5541663,-0.8010617,-1.403038,-0.6687045,-0.5329312,521,1114,2020
"629",15,127,-0.5541663,-0.8010617,-1.403038,-0.6687045,-0.5329312,55,178,2021
"630",15,128,-1.046155,-1.022591,-2.090506,-0.8030536,-0.8808043,1716,5147,2018
"631",15,128,-1.094948,-1.088634,-1.934674,-0.8609852,-0.8979821,2222,5431,2019
"632",15,128,-1.094948,-1.088634,-1.934674,-0.8609852,-0.8979821,3344,7760,2020
"633",15,128,-1.094948,-1.088634,-1.934674,-0.8609852,-0.8979821,521,1422,2021
"634",15,153,-0.0249317,-0.2678156,-0.0929849,-0.1072984,-0.2082493,74,13,2018
"635",15,153,0.0484844,-0.0573694,0.0573639,-0.1122398,-0.1907603,52,4,2019
"636",15,153,0.0484844,-0.0573694,0.0573639,-0.1122398,-0.1907603,94,3,2020
"637",15,153,0.0484844,-0.0573694,0.0573639,-0.1122398,-0.1907603,17,0,2021
"638",15,155,-0.4923064,-1.142948,-0.0768317,-0.8867556,-0.7694784,86,10,2018
"639",15,155,-0.4113611,-1.126595,-0.0981833,-0.8819937,-0.7663631,125,13,2019
"640",15,155,-0.4113611,-1.126595,-0.0981833,-0.8819937,-0.7663631,81,31,2020
"641",15,155,-0.4113611,-1.126595,-0.0981833,-0.8819937,-0.7663631,5,0,2021
"642",15,174,-0.7301584,-1.057791,-0.884303,-0.6515545,-0.5908771,42,5,2018
"643",15,174,-0.7497168,-0.9173347,-0.805393,-0.6789817,-0.5887967,29,7,2019
"644",15,174,-0.7497168,-0.9173347,-0.805393,-0.6789817,-0.5887967,72,13,2020
"645",15,174,-0.7497168,-0.9173347,-0.805393,-0.6789817,-0.5887967,8,0,2021
