"","year","region","country","FatalitiesName","ConflictsName","Fatalities","Conflicts","Control of Corruption","Government Effectiveness","Political Stability and Absence of Violence/Terrorism","Regulatory Quality","Rule of Law"
"1",2020,"Caribbean","Anguilla",0,2,0,2,1.234392,0.8158239,1.367357,0.8462311,0.3557367
"2",2021,"Caribbean","Anguilla",0,1,0,1,1.234392,0.8158239,1.367357,0.8462311,0.3557367
"3",2018,"Caribbean","Antigua and Barbuda",0,23,0,23,0.2766874,-0.0060096,0.8480138,0.4142161,0.4148062
"4",2019,"Caribbean","Antigua and Barbuda",0,9,0,9,0.2778982,-0.0038697,0.959709,0.4853747,0.4052047
"5",2020,"Caribbean","Antigua and Barbuda",1,11,1,11,0.2778982,-0.0038697,0.959709,0.4853747,0.4052047
"6",2019,"Caribbean","Aruba",0,4,0,4,1.217238,1.029933,1.357372,0.8573601,1.263128
"7",2020,"Caribbean","Aruba",0,6,0,6,1.217238,1.029933,1.357372,0.8573601,1.263128
"8",2018,"Caribbean","Bahamas",0,21,0,21,1.13127,0.5391499,0.8700209,0.1804527,0.096694
"9",2019,"Caribbean","Bahamas",0,8,0,8,1.184628,0.4860963,0.8294795,-0.0483038,0.0765319
"10",2020,"Caribbean","Bahamas",4,11,4,11,1.184628,0.4860963,0.8294795,-0.0483038,0.0765319
"11",2021,"Caribbean","Bahamas",0,3,0,3,1.184628,0.4860963,0.8294795,-0.0483038,0.0765319
"12",2018,"Caribbean","Barbados",0,3,0,3,1.411579,0.4269727,0.9204867,0.5439218,0.3944808
"13",2020,"Caribbean","Barbados",2,10,2,10,1.261709,0.631425,0.9417337,0.412301,0.3570292
"14",2018,"Caribbean","Caribbean Netherlands",0,2,0,2,,,,,
"15",2020,"Caribbean","Caribbean Netherlands",0,4,0,4,,,,,
"16",2021,"Caribbean","Caribbean Netherlands",0,1,0,1,,,,,
"17",2019,"Caribbean","Cayman Islands",0,1,0,1,0.4661654,1.169394,1.4457,0.9827613,0.7690086
"18",2020,"Caribbean","Cayman Islands",0,3,0,3,0.4661654,1.169394,1.4457,0.9827613,0.7690086
"19",2018,"Caribbean","Cuba",0,16,0,16,0.1654531,-0.2448378,0.6563528,-1.459868,-0.4444182
"20",2019,"Caribbean","Cuba",1,26,1,26,0.0432405,-0.1725442,0.613414,-1.486731,-0.3224891
"21",2020,"Caribbean","Cuba",2,129,2,129,0.0432405,-0.1725442,0.613414,-1.486731,-0.3224891
"22",2021,"Caribbean","Cuba",0,12,0,12,0.0432405,-0.1725442,0.613414,-1.486731,-0.3224891
"23",2018,"Caribbean","Curacao",0,9,0,9,,,,,
"24",2019,"Caribbean","Curacao",0,9,0,9,,,,,
"25",2020,"Caribbean","Curacao",0,19,0,19,,,,,
"26",2018,"Caribbean","Dominica",0,10,0,10,0.5458227,-0.2895034,1.102953,0.084885,0.671662
"27",2019,"Caribbean","Dominica",1,19,1,19,0.5262952,-0.2612646,1.073779,0.1019005,0.6863382
"28",2020,"Caribbean","Dominica",0,6,0,6,0.5262952,-0.2612646,1.073779,0.1019005,0.6863382
"29",2018,"Caribbean","Dominican Republic",9,59,9,59,-0.7564989,-0.4002573,0.0322322,-0.0654638,-0.3792109
"30",2019,"Caribbean","Dominican Republic",11,42,11,42,-0.763217,-0.357478,0.0189059,-0.0535924,-0.3476975
"31",2020,"Caribbean","Dominican Republic",8,95,8,95,-0.763217,-0.357478,0.0189059,-0.0535924,-0.3476975
"32",2021,"Caribbean","Dominican Republic",0,5,0,5,-0.763217,-0.357478,0.0189059,-0.0535924,-0.3476975
"33",2018,"Caribbean","Grenada",0,9,0,9,0.3766035,-0.2529525,0.9924276,-0.289589,0.2296057
"34",2019,"Caribbean","Grenada",0,1,0,1,0.3397682,-0.1359288,0.959709,-0.3131911,0.1758633
"35",2020,"Caribbean","Grenada",0,4,0,4,0.3397682,-0.1359288,0.959709,-0.3131911,0.1758633
"36",2018,"Caribbean","Guadeloupe",0,35,0,35,,,,,
"37",2019,"Caribbean","Guadeloupe",0,10,0,10,,,,,
"38",2020,"Caribbean","Guadeloupe",0,28,0,28,,,,,
"39",2021,"Caribbean","Guadeloupe",0,9,0,9,,,,,
"40",2018,"Caribbean","Haiti",141,253,141,253,-1.280559,-1.909054,-0.6305112,-1.260932,-1.051864
"41",2019,"Caribbean","Haiti",317,543,317,543,-1.339183,-2.015388,-0.7778878,-1.260672,-0.9711014
"42",2020,"Caribbean","Haiti",329,423,329,423,-1.339183,-2.015388,-0.7778878,-1.260672,-0.9711014
"43",2021,"Caribbean","Haiti",37,125,37,125,-1.339183,-2.015388,-0.7778878,-1.260672,-0.9711014
"44",2018,"Caribbean","Jamaica",107,117,107,117,-0.1815255,0.4967112,0.4406607,0.2024362,-0.2307076
"45",2019,"Caribbean","Jamaica",174,149,174,149,-0.0565556,0.4958208,0.4143164,0.167549,-0.3125736
"46",2020,"Caribbean","Jamaica",159,158,159,158,-0.0565556,0.4958208,0.4143164,0.167549,-0.3125736
"47",2021,"Caribbean","Jamaica",28,26,28,26,-0.0565556,0.4958208,0.4143164,0.167549,-0.3125736
"48",2018,"Caribbean","Martinique",0,54,0,54,1.238797,1.108839,0.9831379,1.193829,0.8757794
"49",2019,"Caribbean","Martinique",0,15,0,15,1.234392,1.089055,0.7850212,1.228176,0.6005772
"50",2020,"Caribbean","Martinique",0,32,0,32,1.234392,1.089055,0.7850212,1.228176,0.6005772
"51",2021,"Caribbean","Martinique",0,7,0,7,1.234392,1.089055,0.7850212,1.228176,0.6005772
"52",2020,"Caribbean","Montserrat",0,1,0,1,,,,,
"53",2018,"Caribbean","Puerto Rico",98,189,98,189,0.0401916,-0.156924,0.2857295,0.9463025,0.5863347
"54",2019,"Caribbean","Puerto Rico",140,216,140,216,0.013093,-0.1642736,0.1233831,0.7319591,0.5873398
"55",2020,"Caribbean","Puerto Rico",109,179,109,179,0.013093,-0.1642736,0.1233831,0.7319591,0.5873398
"56",2021,"Caribbean","Puerto Rico",21,35,21,35,0.013093,-0.1642736,0.1233831,0.7319591,0.5873398
"57",2018,"Caribbean","Saint Kitts and Nevis",1,4,1,4,0.4526668,0.5514148,0.7035999,0.5113763,0.559788
"58",2020,"Caribbean","Saint Kitts and Nevis",0,2,0,2,0.3850662,0.5425926,0.7282763,0.5020854,0.4797953
"59",2018,"Caribbean","Saint Lucia",0,1,0,1,0.5362905,0.1956703,1.013817,0.2874379,0.6054458
"60",2019,"Caribbean","Saint Lucia",0,3,0,3,0.524743,0.2258496,0.9261938,0.2349653,0.5691295
"61",2020,"Caribbean","Saint Lucia",0,10,0,10,0.524743,0.2258496,0.9261938,0.2349653,0.5691295
"62",2020,"Caribbean","Saint Vincent and Grenadines",2,1,2,1,0.7815565,0.2258496,0.959709,0.2122325,0.4463562
"63",2019,"Caribbean","Saint-Martin",0,6,0,6,,,,,
"64",2020,"Caribbean","Saint-Martin",0,6,0,6,,,,,
"65",2018,"Caribbean","Sint Maarten",0,1,0,1,,,,,
"66",2019,"Caribbean","Sint Maarten",0,2,0,2,,,,,
"67",2020,"Caribbean","Sint Maarten",0,12,0,12,,,,,
"68",2018,"Caribbean","Trinidad and Tobago",205,342,205,342,-0.3172942,0.1902379,0.245691,-0.1039465,-0.1207149
"69",2019,"Caribbean","Trinidad and Tobago",177,273,177,273,-0.1913557,0.1001515,0.0552402,-0.150986,-0.1202659
"70",2020,"Caribbean","Trinidad and Tobago",158,307,158,307,-0.1913557,0.1001515,0.0552402,-0.150986,-0.1202659
"71",2021,"Caribbean","Trinidad and Tobago",15,59,15,59,-0.1913557,0.1001515,0.0552402,-0.150986,-0.1202659
"72",2018,"Caribbean","Turks and Caicos Islands",0,3,0,3,,,,,
"73",2019,"Caribbean","Turks and Caicos Islands",0,2,0,2,,,,,
"74",2020,"Caribbean","Turks and Caicos Islands",0,10,0,10,,,,,
"75",2021,"Caribbean","Turks and Caicos Islands",0,1,0,1,,,,,
"76",2020,"Caribbean","Virgin Islands, U.S.",0,1,0,1,0.6249012,0.8158239,1.077228,1.228176,1.090258
"77",2018,"Caucasus and Central Asia","Afghanistan",39160,12372,1000,2500,-1.496834,-1.457285,-2.751611,-1.130191,-1.668021
"78",2019,"Caucasus and Central Asia","Afghanistan",41680,13910,1000,2500,-1.401076,-1.463875,-2.649407,-1.120555,-1.713527
"79",2020,"Caucasus and Central Asia","Afghanistan",20901,7447,1000,2500,-1.401076,-1.463875,-2.649407,-1.120555,-1.713527
"80",2021,"Caucasus and Central Asia","Afghanistan",4081,1459,1000,1459,-1.401076,-1.463875,-2.649407,-1.120555,-1.713527
"81",2018,"Caucasus and Central Asia","Armenia",6,1566,6,1566,-0.3491441,-0.0243394,-0.4359334,0.3313852,-0.150221
"82",2019,"Caucasus and Central Asia","Armenia",2,1685,2,1685,-0.1841683,-0.0668174,-0.5064107,0.2495153,-0.1312758
"83",2020,"Caucasus and Central Asia","Armenia",26,1585,26,1585,-0.1841683,-0.0668174,-0.5064107,0.2495153,-0.1312758
"84",2021,"Caucasus and Central Asia","Armenia",0,55,0,55,-0.1841683,-0.0668174,-0.5064107,0.2495153,-0.1312758
"85",2018,"Caucasus and Central Asia","Azerbaijan",41,6894,41,2500,-0.8286991,-0.1004674,-0.6974149,-0.3006527,-0.6002193
"86",2019,"Caucasus and Central Asia","Azerbaijan",14,4466,14,2500,-0.8684072,-0.1391768,-0.681131,-0.2266413,-0.5772703
"87",2020,"Caucasus and Central Asia","Azerbaijan",6670,4188,1000,2500,-0.8684072,-0.1391768,-0.681131,-0.2266413,-0.5772703
"88",2021,"Caucasus and Central Asia","Azerbaijan",10,32,10,32,-0.8684072,-0.1391768,-0.681131,-0.2266413,-0.5772703
"89",2018,"Caucasus and Central Asia","Georgia",3,672,3,672,0.7081019,0.6145709,-0.4326036,1.125836,0.3276485
"90",2019,"Caucasus and Central Asia","Georgia",3,879,3,879,0.6684984,0.8299233,-0.4458558,1.122067,0.3099792
"91",2020,"Caucasus and Central Asia","Georgia",1,925,1,925,0.6684984,0.8299233,-0.4458558,1.122067,0.3099792
"92",2021,"Caucasus and Central Asia","Georgia",0,164,0,164,0.6684984,0.8299233,-0.4458558,1.122067,0.3099792
"93",2018,"Caucasus and Central Asia","Kazakhstan",3,152,3,152,-0.5017782,0.0217204,-0.030635,0.125332,-0.4316792
"94",2019,"Caucasus and Central Asia","Kazakhstan",5,554,5,554,-0.3199823,0.1247125,-0.0834486,0.1372265,-0.4324133
"95",2020,"Caucasus and Central Asia","Kazakhstan",21,850,21,850,-0.3199823,0.1247125,-0.0834486,0.1372265,-0.4324133
"96",2021,"Caucasus and Central Asia","Kazakhstan",0,148,0,148,-0.3199823,0.1247125,-0.0834486,0.1372265,-0.4324133
"97",2018,"Caucasus and Central Asia","Kyrgyzstan",4,169,4,169,-0.9544102,-0.6115379,-0.5845503,-0.3528325,-0.9075518
"98",2019,"Caucasus and Central Asia","Kyrgyzstan",8,282,8,282,-0.9454194,-0.6815209,-0.4097819,-0.347351,-0.8863015
"99",2020,"Caucasus and Central Asia","Kyrgyzstan",2,339,2,339,-0.9454194,-0.6815209,-0.4097819,-0.347351,-0.8863015
"100",2021,"Caucasus and Central Asia","Kyrgyzstan",0,83,0,83,-0.9454194,-0.6815209,-0.4097819,-0.347351,-0.8863015
"101",2018,"Caucasus and Central Asia","Tajikistan",62,25,62,25,-1.415277,-1.097704,-0.738063,-1.047201,-1.282325
"102",2019,"Caucasus and Central Asia","Tajikistan",66,40,66,40,-1.321173,-1.049005,-0.5751481,-1.011065,-1.227941
"103",2020,"Caucasus and Central Asia","Tajikistan",2,28,2,28,-1.321173,-1.049005,-0.5751481,-1.011065,-1.227941
"104",2018,"Caucasus and Central Asia","Turkmenistan",25,7,25,7,-1.357909,-1.044102,-0.0044727,-1.979135,-1.451999
"105",2019,"Caucasus and Central Asia","Turkmenistan",8,15,8,15,-1.511905,-1.15624,-0.093641,-1.957602,-1.414785
"106",2020,"Caucasus and Central Asia","Turkmenistan",1,16,1,16,-1.511905,-1.15624,-0.093641,-1.957602,-1.414785
"107",2021,"Caucasus and Central Asia","Turkmenistan",0,1,0,1,-1.511905,-1.15624,-0.093641,-1.957602,-1.414785
"108",2018,"Caucasus and Central Asia","Uzbekistan",2,26,2,26,-1.068842,-0.5470828,-0.2870433,-1.084991,-1.07343
"109",2019,"Caucasus and Central Asia","Uzbekistan",3,84,3,84,-1.053791,-0.514649,-0.2724334,-0.9932925,-1.048182
"110",2020,"Caucasus and Central Asia","Uzbekistan",3,222,3,222,-1.053791,-0.514649,-0.2724334,-0.9932925,-1.048182
"111",2021,"Caucasus and Central Asia","Uzbekistan",0,54,0,54,-1.053791,-0.514649,-0.2724334,-0.9932925,-1.048182
"112",2018,"Central America","Belize",45,81,45,81,-0.1381951,-0.5938884,0.0115209,-0.6501819,-0.8238596
"113",2019,"Central America","Belize",55,80,55,80,-0.1960228,-0.6767014,0.0698153,-0.5442569,-0.7755125
"114",2020,"Central America","Belize",34,79,34,79,-0.1960228,-0.6767014,0.0698153,-0.5442569,-0.7755125
"115",2021,"Central America","Belize",4,10,4,10,-0.1960228,-0.6767014,0.0698153,-0.5442569,-0.7755125
"116",2018,"Central America","Costa Rica",1,149,1,149,0.5514317,0.3781868,0.4771462,0.4888904,0.4804583
"117",2019,"Central America","Costa Rica",10,279,10,279,0.722371,0.4231587,0.4602174,0.4980351,0.5440922
"118",2020,"Central America","Costa Rica",9,539,9,539,0.722371,0.4231587,0.4602174,0.4980351,0.5440922
"119",2021,"Central America","Costa Rica",1,14,1,14,0.722371,0.4231587,0.4602174,0.4980351,0.5440922
"120",2018,"Central America","El Salvador",755,788,755,788,-0.6006837,-0.4471425,-0.3787947,0.035562,-0.8280311
"121",2019,"Central America","El Salvador",821,878,821,878,-0.5525649,-0.4654403,-0.127452,0.0216385,-0.7624596
"122",2020,"Central America","El Salvador",288,500,288,500,-0.5525649,-0.4654403,-0.127452,0.0216385,-0.7624596
"123",2021,"Central America","El Salvador",79,115,79,115,-0.5525649,-0.4654403,-0.127452,0.0216385,-0.7624596
"124",2018,"Central America","Guatemala",623,824,623,824,-0.8205505,-0.6820061,-0.5292468,-0.1901745,-1.037602
"125",2019,"Central America","Guatemala",1097,1496,1000,1496,-0.8984204,-0.6768408,-0.5461909,-0.2249926,-1.052289
"126",2020,"Central America","Guatemala",556,893,556,893,-0.8984204,-0.6768408,-0.5461909,-0.2249926,-1.052289
"127",2021,"Central America","Guatemala",12,65,12,65,-0.8984204,-0.6768408,-0.5461909,-0.2249926,-1.052289
"128",2018,"Central America","Honduras",566,736,566,736,-0.6184291,-0.6206585,-0.5217014,-0.4447892,-1.030544
"129",2019,"Central America","Honduras",928,1340,928,1340,-0.8084533,-0.6117631,-0.5306973,-0.4927323,-1.00908
"130",2020,"Central America","Honduras",656,954,656,954,-0.8084533,-0.6117631,-0.5306973,-0.4927323,-1.00908
"131",2021,"Central America","Honduras",91,161,91,161,-0.8084533,-0.6117631,-0.5306973,-0.4927323,-1.00908
"132",2018,"Central America","Nicaragua",318,296,318,296,-1.092894,-0.8024699,-0.9427003,-0.7052147,-1.059304
"133",2019,"Central America","Nicaragua",25,243,25,243,-1.121844,-0.7708744,-1.034828,-0.6890581,-1.17569
"134",2020,"Central America","Nicaragua",20,95,20,95,-1.121844,-0.7708744,-1.034828,-0.6890581,-1.17569
"135",2021,"Central America","Nicaragua",1,8,1,8,-1.121844,-0.7708744,-1.034828,-0.6890581,-1.17569
"136",2018,"Central America","Panama",2,503,2,503,-0.5544491,-0.019452,0.2688772,0.3613167,-0.0924071
"137",2019,"Central America","Panama",2,383,2,383,-0.579924,0.0655402,0.3068049,0.361897,-0.119035
"138",2020,"Central America","Panama",3,376,3,376,-0.579924,0.0655402,0.3068049,0.361897,-0.119035
"139",2021,"Central America","Panama",2,70,2,70,-0.579924,0.0655402,0.3068049,0.361897,-0.119035
"140",2018,"East Asia","China",36,2879,36,2500,-0.2712651,0.4771284,-0.2912534,-0.1852444,-0.2017475
"141",2019,"East Asia","China",12,3615,12,2500,-0.3234968,0.5182531,-0.2403826,-0.2446144,-0.2747186
"142",2020,"East Asia","China",9,2357,9,2357,-0.3234968,0.5182531,-0.2403826,-0.2446144,-0.2747186
"143",2021,"East Asia","China",0,155,0,155,-0.3234968,0.5182531,-0.2403826,-0.2446144,-0.2747186
"144",2018,"East Asia","Japan",0,1454,0,1454,1.424979,1.675817,1.055935,1.3436,1.53319
"145",2019,"East Asia","Japan",0,1300,0,1300,1.475332,1.586664,1.041225,1.326957,1.537965
"146",2020,"East Asia","Japan",0,1527,0,1527,1.475332,1.586664,1.041225,1.326957,1.537965
"147",2021,"East Asia","Japan",0,168,0,168,1.475332,1.586664,1.041225,1.326957,1.537965
"148",2018,"East Asia","Mongolia",1,60,1,60,-0.4278318,-0.2333477,0.8408516,0.0273581,-0.2666385
"149",2019,"East Asia","Mongolia",0,94,0,94,-0.4417607,-0.1948303,0.6434917,-0.011242,-0.266293
"150",2020,"East Asia","Mongolia",0,76,0,76,-0.4417607,-0.1948303,0.6434917,-0.011242,-0.266293
"151",2021,"East Asia","Mongolia",0,14,0,14,-0.4417607,-0.1948303,0.6434917,-0.011242,-0.266293
"152",2018,"East Asia","North Korea",0,25,0,25,-1.566452,-1.57276,-0.3389556,-2.361374,-1.634117
"153",2019,"East Asia","North Korea",10,37,10,37,-1.589358,-1.396788,-0.3049034,-2.396794,-1.651461
"154",2020,"East Asia","North Korea",8,46,8,46,-1.589358,-1.396788,-0.3049034,-2.396794,-1.651461
"155",2021,"East Asia","North Korea",6,15,6,15,-1.589358,-1.396788,-0.3049034,-2.396794,-1.651461
"156",2018,"East Asia","South Korea",0,3560,0,2500,0.6042064,1.182665,0.6009347,1.10297,1.23576
"157",2019,"East Asia","South Korea",0,5404,0,2500,0.7567343,1.376418,0.4780881,1.069813,1.194071
"158",2020,"East Asia","South Korea",0,4918,0,2500,0.7567343,1.376418,0.4780881,1.069813,1.194071
"159",2021,"East Asia","South Korea",0,673,0,673,0.7567343,1.376418,0.4780881,1.069813,1.194071
"160",2018,"East Asia","Taiwan",0,567,0,567,1.027812,1.362331,0.8534263,1.382462,1.111544
"161",2019,"East Asia","Taiwan",0,823,0,823,1.045266,1.436754,0.7195977,1.40276,1.141121
"162",2020,"East Asia","Taiwan",0,529,0,529,1.045266,1.436754,0.7195977,1.40276,1.141121
"163",2021,"East Asia","Taiwan",0,123,0,123,1.045266,1.436754,0.7195977,1.40276,1.141121
"164",2018,"Eastern Africa","Burundi",287,844,287,844,-1.450813,-1.419982,-1.561205,-0.9778942,-1.496228
"165",2019,"Eastern Africa","Burundi",303,791,303,791,-1.45847,-1.326322,-1.64903,-0.9495389,-1.431905
"166",2020,"Eastern Africa","Burundi",329,646,329,646,-1.45847,-1.326322,-1.64903,-0.9495389,-1.431905
"167",2021,"Eastern Africa","Burundi",35,52,35,52,-1.45847,-1.326322,-1.64903,-0.9495389,-1.431905
"168",2018,"Eastern Africa","Djibouti",0,3,0,3,-0.7168902,-0.8990966,-0.1290753,-0.6979581,-0.9224761
"169",2019,"Eastern Africa","Djibouti",4,18,4,18,-0.8556599,-0.7133427,-0.3445927,-0.7717019,-0.9144034
"170",2020,"Eastern Africa","Djibouti",0,35,0,35,-0.8556599,-0.7133427,-0.3445927,-0.7717019,-0.9144034
"171",2021,"Eastern Africa","Djibouti",2,11,2,11,-0.8556599,-0.7133427,-0.3445927,-0.7717019,-0.9144034
"172",2018,"Eastern Africa","Eritrea",1,6,1,6,-1.316185,-1.727732,-0.5966769,-2.213971,-1.586008
"173",2019,"Eastern Africa","Eritrea",0,4,0,4,-1.394767,-1.757369,-0.7195499,-2.274918,-1.595496
"174",2020,"Eastern Africa","Eritrea",1,8,1,8,-1.394767,-1.757369,-0.7195499,-2.274918,-1.595496
"175",2021,"Eastern Africa","Eritrea",0,1,0,1,-1.394767,-1.757369,-0.7195499,-2.274918,-1.595496
"176",2018,"Eastern Africa","Ethiopia",1402,782,1000,782,-0.4862171,-0.6074697,-1.269462,-0.9712701,-0.4283645
"177",2019,"Eastern Africa","Ethiopia",667,318,667,318,-0.4064651,-0.6345773,-1.279597,-0.8889709,-0.4734782
"178",2020,"Eastern Africa","Ethiopia",3268,433,1000,433,-0.4064651,-0.6345773,-1.279597,-0.8889709,-0.4734782
"179",2021,"Eastern Africa","Ethiopia",256,115,256,115,-0.4064651,-0.6345773,-1.279597,-0.8889709,-0.4734782
"180",2018,"Eastern Africa","Kenya",341,463,341,463,-0.8523029,-0.4108523,-1.174071,-0.2227789,-0.4111333
"181",2019,"Eastern Africa","Kenya",269,352,269,352,-0.7772462,-0.3832689,-1.123664,-0.2770375,-0.4543177
"182",2020,"Eastern Africa","Kenya",297,434,297,434,-0.7772462,-0.3832689,-1.123664,-0.2770375,-0.4543177
"183",2021,"Eastern Africa","Kenya",29,27,29,27,-0.7772462,-0.3832689,-1.123664,-0.2770375,-0.4543177
"184",2018,"Eastern Africa","Madagascar",110,91,110,91,-1.000645,-1.153121,-0.5702538,-0.7335708,-0.8138813
"185",2019,"Eastern Africa","Madagascar",350,327,350,327,-1.00937,-1.142454,-0.2525476,-0.7300456,-1.008813
"186",2020,"Eastern Africa","Madagascar",354,313,354,313,-1.00937,-1.142454,-0.2525476,-0.7300456,-1.008813
"187",2021,"Eastern Africa","Madagascar",14,25,14,25,-1.00937,-1.142454,-0.2525476,-0.7300456,-1.008813
"188",2018,"Eastern Africa","Malawi",13,43,13,43,-0.7446045,-0.7286705,-0.4234232,-0.6767547,-0.3803955
"189",2019,"Eastern Africa","Malawi",27,119,27,119,-0.7811527,-0.7494367,-0.2672529,-0.7011955,-0.3311234
"190",2020,"Eastern Africa","Malawi",57,237,57,237,-0.7811527,-0.7494367,-0.2672529,-0.7011955,-0.3311234
"191",2021,"Eastern Africa","Malawi",9,36,9,36,-0.7811527,-0.7494367,-0.2672529,-0.7011955,-0.3311234
"192",2018,"Eastern Africa","Mozambique",213,134,213,134,-0.7809925,-0.8742813,-0.8135263,-0.7521439,-1.0435
"193",2019,"Eastern Africa","Mozambique",663,352,663,352,-0.8010145,-0.8232896,-0.7454386,-0.7247643,-1.020184
"194",2020,"Eastern Africa","Mozambique",1782,658,1000,658,-0.8010145,-0.8232896,-0.7454386,-0.7247643,-1.020184
"195",2021,"Eastern Africa","Mozambique",70,49,70,49,-0.8010145,-0.8232896,-0.7454386,-0.7247643,-1.020184
"196",2018,"Eastern Africa","Rwanda",36,21,36,21,0.5783511,0.2068089,0.1185909,0.0864492,0.1178017
"197",2019,"Eastern Africa","Rwanda",44,18,44,18,0.564346,0.1850227,0.1156722,0.0773843,0.0761882
"198",2020,"Eastern Africa","Rwanda",18,19,18,19,0.564346,0.1850227,0.1156722,0.0773843,0.0761882
"199",2021,"Eastern Africa","Rwanda",0,2,0,2,0.564346,0.1850227,0.1156722,0.0773843,0.0761882
"200",2018,"Eastern Africa","Somalia",4495,2383,1000,2383,-1.800312,-2.19103,-2.248764,-2.251584,-2.332044
"201",2019,"Eastern Africa","Somalia",4031,2519,1000,2500,-1.709963,-2.237149,-2.383227,-2.203132,-2.350358
"202",2020,"Eastern Africa","Somalia",3140,2637,1000,2500,-1.709963,-2.237149,-2.383227,-2.203132,-2.350358
"203",2021,"Eastern Africa","Somalia",452,401,452,401,-1.709963,-2.237149,-2.383227,-2.203132,-2.350358
"204",2018,"Eastern Africa","South Sudan",1432,777,1000,777,-1.728171,-2.449409,-2.431055,-2.045286,-1.957827
"205",2019,"Eastern Africa","South Sudan",1806,565,1000,565,-1.773724,-2.451555,-2.558902,-2.048965,-1.969724
"206",2020,"Eastern Africa","South Sudan",2371,863,1000,863,-1.773724,-2.451555,-2.558902,-2.048965,-1.969724
"207",2021,"Eastern Africa","South Sudan",223,114,223,114,-1.773724,-2.451555,-2.558902,-2.048965,-1.969724
"208",2018,"Eastern Africa","Tanzania",37,40,37,40,-0.4464366,-0.7562658,-0.5617821,-0.622853,-0.555015
"209",2019,"Eastern Africa","Tanzania",35,43,35,43,-0.3908709,-0.8790504,-0.3620471,-0.6409062,-0.5779313
"210",2020,"Eastern Africa","Tanzania",43,51,43,51,-0.3908709,-0.8790504,-0.3620471,-0.6409062,-0.5779313
"211",2021,"Eastern Africa","Tanzania",0,2,0,2,-0.3908709,-0.8790504,-0.3620471,-0.6409062,-0.5779313
"212",2018,"Eastern Africa","Uganda",131,347,131,347,-1.038054,-0.6060399,-0.6932233,-0.2512031,-0.2948378
"213",2019,"Eastern Africa","Uganda",159,361,159,361,-1.165626,-0.5852001,-0.6457884,-0.3742244,-0.3146112
"214",2020,"Eastern Africa","Uganda",290,664,290,664,-1.165626,-0.5852001,-0.6457884,-0.3742244,-0.3146112
"215",2021,"Eastern Africa","Uganda",71,135,71,135,-1.165626,-0.5852001,-0.6457884,-0.3742244,-0.3146112
"216",2018,"Europe","Albania",1,222,1,222,-0.5219214,0.114788,0.3783375,0.2684412,-0.3923339
"217",2019,"Europe","Albania",0,354,0,354,-0.5287576,-0.0613309,0.1185695,0.2743798,-0.4111794
"218",2020,"Europe","Albania",0,226,0,226,-0.5287576,-0.0613309,0.1185695,0.2743798,-0.4111794
"219",2021,"Europe","Albania",0,12,0,12,-0.5287576,-0.0613309,0.1185695,0.2743798,-0.4111794
"220",2020,"Europe","Andorra",0,7,0,7,1.234392,1.908749,1.615139,1.228176,1.579939
"221",2021,"Europe","Andorra",0,2,0,2,1.234392,1.908749,1.615139,1.228176,1.579939
"222",2020,"Europe","Austria",6,377,6,377,1.545429,1.490911,0.9801227,1.459116,1.883051
"223",2021,"Europe","Austria",0,137,0,137,1.545429,1.490911,0.9801227,1.459116,1.883051
"224",2020,"Europe","Bailiwick of Guernsey",0,6,0,6,,,,,
"225",2020,"Europe","Bailiwick of Jersey",0,5,0,5,,,,,
"226",2018,"Europe","Belarus",0,107,0,107,-0.1922859,-0.3010303,0.3559107,-0.6518698,-0.8328676
"227",2019,"Europe","Belarus",0,186,0,186,-0.059539,-0.1833328,0.2891302,-0.5437806,-0.7944578
"228",2020,"Europe","Belarus",5,1811,5,1811,-0.059539,-0.1833328,0.2891302,-0.5437806,-0.7944578
"229",2021,"Europe","Belarus",0,540,0,540,-0.059539,-0.1833328,0.2891302,-0.5437806,-0.7944578
"230",2020,"Europe","Belgium",0,820,0,820,1.551961,1.032227,0.4811862,1.290999,1.363715
"231",2021,"Europe","Belgium",0,104,0,104,1.551961,1.032227,0.4811862,1.290999,1.363715
"232",2018,"Europe","Bosnia and Herzegovina",1,254,1,254,-0.5718637,-0.6185398,-0.3866947,-0.2110692,-0.2333702
"233",2019,"Europe","Bosnia and Herzegovina",1,186,1,186,-0.6131452,-0.634277,-0.4004397,-0.1940023,-0.2335416
"234",2020,"Europe","Bosnia and Herzegovina",0,145,0,145,-0.6131452,-0.634277,-0.4004397,-0.1940023,-0.2335416
"235",2021,"Europe","Bosnia and Herzegovina",0,23,0,23,-0.6131452,-0.634277,-0.4004397,-0.1940023,-0.2335416
"236",2018,"Europe","Bulgaria",0,322,0,322,-0.1515384,0.2718757,0.4639785,0.5897425,-0.0298135
"237",2019,"Europe","Bulgaria",0,398,0,398,-0.1551902,0.3390003,0.5401217,0.5316786,0.0358966
"238",2020,"Europe","Bulgaria",0,911,0,911,-0.1551902,0.3390003,0.5401217,0.5316786,0.0358966
"239",2021,"Europe","Bulgaria",0,60,0,60,-0.1551902,0.3390003,0.5401217,0.5316786,0.0358966
"240",2018,"Europe","Croatia",0,165,0,165,0.1316723,0.4569183,0.8100172,0.5383773,0.3243876
"241",2019,"Europe","Croatia",2,232,2,232,0.1255409,0.4099745,0.7554738,0.5910058,0.3661346
"242",2020,"Europe","Croatia",0,142,0,142,0.1255409,0.4099745,0.7554738,0.5910058,0.3661346
"243",2021,"Europe","Croatia",0,9,0,9,0.1255409,0.4099745,0.7554738,0.5910058,0.3661346
"244",2018,"Europe","Cyprus",1,97,1,97,0.6400679,0.9209022,0.4993934,0.873209,0.7528808
"245",2019,"Europe","Cyprus",1,216,1,216,0.6048772,0.9924904,0.5165108,1.012343,0.7598994
"246",2020,"Europe","Cyprus",0,271,0,271,0.6048772,0.9924904,0.5165108,1.012343,0.7598994
"247",2021,"Europe","Cyprus",0,30,0,30,0.6048772,0.9924904,0.5165108,1.012343,0.7598994
"248",2020,"Europe","Czech Republic",0,227,0,227,0.5062277,0.8856382,0.952085,1.245128,1.046504
"249",2021,"Europe","Czech Republic",0,32,0,32,0.5062277,0.8856382,0.952085,1.245128,1.046504
"250",2020,"Europe","Denmark",1,597,1,597,2.107368,1.937899,1.008821,1.565012,1.898457
"251",2021,"Europe","Denmark",0,58,0,58,2.107368,1.937899,1.008821,1.565012,1.898457
"252",2020,"Europe","Estonia",0,141,0,141,1.542329,1.174747,0.6388937,1.591124,1.281257
"253",2021,"Europe","Estonia",0,24,0,24,1.542329,1.174747,0.6388937,1.591124,1.281257
"254",2020,"Europe","Faroe Islands",0,2,0,2,,,,,
"255",2020,"Europe","Finland",2,248,2,248,2.153081,1.929313,0.9090824,1.851015,2.022146
"256",2021,"Europe","Finland",0,20,0,20,2.153081,1.929313,0.9090824,1.851015,2.022146
"257",2020,"Europe","France",6,5456,6,2500,1.300968,1.384611,0.313681,1.440292,1.412058
"258",2021,"Europe","France",0,1011,0,1011,1.300968,1.384611,0.313681,1.440292,1.412058
"259",2020,"Europe","Germany",13,4792,13,2500,1.895473,1.585309,0.5828653,1.72305,1.618773
"260",2021,"Europe","Germany",0,468,0,468,1.895473,1.585309,0.5828653,1.72305,1.618773
"261",2020,"Europe","Gibraltar",0,1,0,1,,,,,
"262",2018,"Europe","Greece",8,320,8,320,-0.0660192,0.3382609,0.1740548,0.4140628,0.1526495
"263",2019,"Europe","Greece",6,867,6,867,-0.0118192,0.4055903,0.2909985,0.529879,0.198838
"264",2020,"Europe","Greece",6,939,6,939,-0.0118192,0.4055903,0.2909985,0.529879,0.198838
"265",2021,"Europe","Greece",0,111,0,111,-0.0118192,0.4055903,0.2909985,0.529879,0.198838
"266",2020,"Europe","Greenland",0,2,0,2,1.043699,0.8137978,1.896815,1.360825,1.745989
"267",2021,"Europe","Greenland",0,2,0,2,1.043699,0.8137978,1.896815,1.360825,1.745989
"268",2020,"Europe","Hungary",0,207,0,207,-0.0010352,0.4953651,0.7325271,0.6034867,0.4931345
"269",2021,"Europe","Hungary",0,6,0,6,-0.0010352,0.4953651,0.7325271,0.6034867,0.4931345
"270",2020,"Europe","Iceland",3,33,3,33,1.707973,1.518278,1.655899,1.372984,1.766924
"271",2021,"Europe","Iceland",0,7,0,7,1.707973,1.518278,1.655899,1.372984,1.766924
"272",2020,"Europe","Ireland",0,302,0,302,1.458099,1.281375,0.9733633,1.60191,1.39423
"273",2021,"Europe","Ireland",0,16,0,16,1.458099,1.281375,0.9733633,1.60191,1.39423
"274",2020,"Europe","Isle of Man",0,7,0,7,,,,,
"275",2020,"Europe","Italy",0,5738,0,2500,0.2398421,0.4619361,0.4626993,0.9549631,0.280191
"276",2021,"Europe","Italy",0,929,0,929,0.2398421,0.4619361,0.4626993,0.9549631,0.280191
"277",2018,"Europe","Kosovo",3,145,3,145,-0.5190936,-0.4283053,-0.6640014,-0.325615,-0.3710781
"278",2019,"Europe","Kosovo",0,137,0,137,-0.5561343,-0.3494129,-0.3924663,-0.3472778,-0.3930174
"279",2020,"Europe","Kosovo",0,104,0,104,-0.5561343,-0.3494129,-0.3924663,-0.3472778,-0.3930174
"280",2021,"Europe","Kosovo",0,11,0,11,-0.5561343,-0.3494129,-0.3924663,-0.3472778,-0.3930174
"281",2020,"Europe","Latvia",0,70,0,70,0.4849398,1.105028,0.4488481,1.192686,1.013924
"282",2021,"Europe","Latvia",0,6,0,6,0.4849398,1.105028,0.4488481,1.192686,1.013924
"283",2020,"Europe","Liechtenstein",0,2,0,2,1.968311,1.696766,1.627746,1.540814,1.679333
"284",2020,"Europe","Lithuania",0,61,0,61,0.675986,1.043381,0.842194,1.157364,1.022871
"285",2021,"Europe","Lithuania",0,7,0,7,0.675986,1.043381,0.842194,1.157364,1.022871
"286",2020,"Europe","Luxembourg",0,38,0,38,2.112196,1.733646,1.362118,1.699882,1.793426
"287",2021,"Europe","Luxembourg",0,4,0,4,2.112196,1.733646,1.362118,1.699882,1.793426
"288",2020,"Europe","Malta",0,56,0,56,0.2393866,0.85842,1.090187,0.9556454,0.9522323
"289",2021,"Europe","Malta",0,2,0,2,0.2393866,0.85842,1.090187,0.9556454,0.9522323
"290",2018,"Europe","Moldova",0,189,0,189,-0.7268325,-0.4665205,-0.395564,-0.0303003,-0.4136537
"291",2019,"Europe","Moldova",0,237,0,237,-0.6186848,-0.3834049,-0.3827971,0.0097867,-0.3730286
"292",2020,"Europe","Moldova",0,304,0,304,-0.6186848,-0.3834049,-0.3827971,0.0097867,-0.3730286
"293",2021,"Europe","Moldova",0,38,0,38,-0.6186848,-0.3834049,-0.3827971,0.0097867,-0.3730286
"294",2020,"Europe","Monaco",0,3,0,3,,,1.591874,,
"295",2021,"Europe","Monaco",0,1,0,1,,,1.591874,,
"296",2018,"Europe","Montenegro",2,92,2,92,0.0228173,0.1311615,0.0525616,0.3582489,0.0984407
"297",2019,"Europe","Montenegro",0,146,0,146,-0.0301263,0.1562576,0.0106019,0.3652315,0.0957448
"298",2020,"Europe","Montenegro",0,357,0,357,-0.0301263,0.1562576,0.0106019,0.3652315,0.0957448
"299",2021,"Europe","Montenegro",0,8,0,8,-0.0301263,0.1562576,0.0106019,0.3652315,0.0957448
"300",2020,"Europe","Netherlands",1,730,1,730,1.999758,1.798008,0.8572519,1.861079,1.808467
"301",2021,"Europe","Netherlands",0,129,0,129,1.999758,1.798008,0.8572519,1.861079,1.808467
"302",2018,"Europe","North Macedonia",1,85,1,85,-0.3648497,0.0902431,-0.2000881,0.5263917,-0.2839102
"303",2019,"Europe","North Macedonia",0,197,0,197,-0.4094637,-0.0024858,-0.0492005,0.5087845,-0.2434363
"304",2020,"Europe","North Macedonia",0,234,0,234,-0.4094637,-0.0024858,-0.0492005,0.5087845,-0.2434363
"305",2021,"Europe","North Macedonia",0,22,0,22,-0.4094637,-0.0024858,-0.0492005,0.5087845,-0.2434363
"306",2020,"Europe","Norway",1,303,1,303,2.073468,1.862292,1.186128,1.804055,1.984915
"307",2021,"Europe","Norway",0,35,0,35,2.073468,1.862292,1.186128,1.804055,1.984915
"308",2020,"Europe","Poland",0,1836,0,1836,0.602715,0.6016292,0.5215149,1.014124,0.452093
"309",2021,"Europe","Poland",0,293,0,293,0.602715,0.6016292,0.5215149,1.014124,0.452093
"310",2020,"Europe","Portugal",2,373,2,373,0.7639953,1.154005,1.128248,0.969747,1.135677
"311",2021,"Europe","Portugal",0,40,0,40,0.7639953,1.154005,1.128248,0.969747,1.135677
"312",2018,"Europe","Romania",0,486,0,486,,,,,
"313",2019,"Europe","Romania",1,602,1,602,,,,,
"314",2020,"Europe","Romania",3,200,3,200,,,,,
"315",2021,"Europe","Romania",0,96,0,96,,,,,
"316",2018,"Europe","Russia",104,1544,104,1544,-0.8452116,-0.0608858,-0.5320781,-0.5463259,-0.8152295
"317",2019,"Europe","Russia",46,2101,46,2101,-0.8318732,0.1503649,-0.542304,-0.4316224,-0.7236885
"318",2020,"Europe","Russia",53,1624,53,1624,-0.8318732,0.1503649,-0.542304,-0.4316224,-0.7236885
"319",2021,"Europe","Russia",6,506,6,506,-0.8318732,0.1503649,-0.542304,-0.4316224,-0.7236885
"320",2020,"Europe","San Marino",0,5,0,5,,,0.8996959,,
"321",2018,"Europe","Serbia",5,217,5,217,-0.3702491,0.1116198,0.0172842,0.1131436,-0.1466
"322",2019,"Europe","Serbia",1,1067,1,1067,-0.4455515,0.0190787,-0.0916651,0.1138671,-0.1190698
"323",2020,"Europe","Serbia",0,413,0,413,-0.4455515,0.0190787,-0.0916651,0.1138671,-0.1190698
"324",2021,"Europe","Serbia",0,27,0,27,-0.4455515,0.0190787,-0.0916651,0.1138671,-0.1190698
"325",2020,"Europe","Slovakia",0,152,0,152,0.3272027,0.6739017,0.7827882,1.00678,0.5567357
"326",2021,"Europe","Slovakia",0,3,0,3,0.3272027,0.6739017,0.7827882,1.00678,0.5567357
"327",2020,"Europe","Slovenia",0,135,0,135,0.9058987,1.081404,0.8167541,1.008839,1.118421
"328",2021,"Europe","Slovenia",0,34,0,34,0.9058987,1.081404,0.8167541,1.008839,1.118421
"329",2020,"Europe","Spain",1,3495,1,2500,0.6467961,0.9990447,0.3228728,1.05019,0.9790522
"330",2021,"Europe","Spain",0,657,0,657,0.6467961,0.9990447,0.3228728,1.05019,0.9790522
"331",2020,"Europe","Sweden",1,958,1,958,2.118478,1.829901,1.051791,1.801675,1.906526
"332",2021,"Europe","Sweden",0,99,0,99,2.118478,1.829901,1.051791,1.801675,1.906526
"333",2020,"Europe","Switzerland",0,169,0,169,1.977295,1.95212,1.336993,1.664479,1.906641
"334",2021,"Europe","Switzerland",0,7,0,7,1.977295,1.95212,1.336993,1.664479,1.906641
"335",2018,"Europe","Ukraine",827,13560,827,2500,-0.8737929,-0.4152199,-1.858748,-0.2965778,-0.7177447
"336",2019,"Europe","Ukraine",403,16555,403,2500,-0.7095972,-0.2965825,-1.52387,-0.2586701,-0.6983514
"337",2020,"Europe","Ukraine",109,9919,109,2500,-0.7095972,-0.2965825,-1.52387,-0.2586701,-0.6983514
"338",2021,"Europe","Ukraine",9,889,9,889,-0.7095972,-0.2965825,-1.52387,-0.2586701,-0.6983514
"339",2020,"Europe","United Kingdom",5,2370,5,2370,1.774812,1.435909,0.5191886,1.625853,1.600911
"340",2021,"Europe","United Kingdom",1,80,1,80,1.774812,1.435909,0.5191886,1.625853,1.600911
"341",2020,"Europe","Vatican City",0,3,0,3,,,,,
"342",2018,"Middle Africa","Angola",40,67,40,67,-1.144679,-1.052086,-0.3166307,-0.8750386,-1.047832
"343",2019,"Middle Africa","Angola",23,63,23,63,-1.054683,-1.117144,-0.3111005,-0.8938714,-1.054343
"344",2020,"Middle Africa","Angola",74,128,74,128,-1.054683,-1.117144,-0.3111005,-0.8938714,-1.054343
"345",2021,"Middle Africa","Angola",10,24,10,24,-1.054683,-1.117144,-0.3111005,-0.8938714,-1.054343
"346",2018,"Middle Africa","Cameroon",1438,658,1000,658,-1.151188,-0.7996525,-1.393837,-0.7983038,-1.079458
"347",2019,"Middle Africa","Cameroon",1232,840,1000,840,-1.208662,-0.8121465,-1.555283,-0.8270048,-1.118909
"348",2020,"Middle Africa","Cameroon",1589,1398,1000,1398,-1.208662,-0.8121465,-1.555283,-0.8270048,-1.118909
"349",2021,"Middle Africa","Cameroon",111,159,111,159,-1.208662,-0.8121465,-1.555283,-0.8270048,-1.118909
"350",2018,"Middle Africa","Central African Republic",916,526,916,526,-1.233546,-1.720417,-2.171953,-1.367176,-1.687227
"351",2019,"Middle Africa","Central African Republic",573,300,573,300,-1.22844,-1.747201,-2.182968,-1.372812,-1.728386
"352",2020,"Middle Africa","Central African Republic",427,537,427,537,-1.22844,-1.747201,-2.182968,-1.372812,-1.728386
"353",2021,"Middle Africa","Central African Republic",145,101,145,101,-1.22844,-1.747201,-2.182968,-1.372812,-1.728386
"354",2018,"Middle Africa","Chad",259,75,259,75,-1.410568,-1.528847,-1.47283,-1.110758,-1.304976
"355",2019,"Middle Africa","Chad",567,210,567,210,-1.420567,-1.568404,-1.340024,-1.119248,-1.283358
"356",2020,"Middle Africa","Chad",738,159,738,159,-1.420567,-1.568404,-1.340024,-1.119248,-1.283358
"357",2021,"Middle Africa","Chad",50,21,50,21,-1.420567,-1.568404,-1.340024,-1.119248,-1.283358
"358",2018,"Middle Africa","Democratic Republic of Congo",2726,1567,1000,1567,-1.503585,-1.554787,-2.107878,-1.474025,-1.783715
"359",2019,"Middle Africa","Democratic Republic of Congo",3843,2634,1000,2500,-1.538931,-1.627429,-1.808007,-1.509667,-1.786088
"360",2020,"Middle Africa","Democratic Republic of Congo",5766,3385,1000,2500,-1.538931,-1.627429,-1.808007,-1.509667,-1.786088
"361",2021,"Middle Africa","Democratic Republic of Congo",649,504,649,504,-1.538931,-1.627429,-1.808007,-1.509667,-1.786088
"362",2018,"Middle Africa","Equatorial Guinea",2,5,2,5,-1.559879,-1.29438,-0.0839038,-1.544196,-1.414762
"363",2019,"Middle Africa","Equatorial Guinea",1,3,1,3,-1.722886,-1.342012,-0.1909256,-1.520516,-1.422315
"364",2020,"Middle Africa","Equatorial Guinea",0,7,0,7,-1.722886,-1.342012,-0.1909256,-1.520516,-1.422315
"365",2018,"Middle Africa","Gabon",0,28,0,28,-0.8557801,-0.8122834,-0.2450999,-0.915203,-0.7061421
"366",2019,"Middle Africa","Gabon",6,47,6,47,-0.9354914,-0.8977532,-0.1782095,-0.9571223,-0.732851
"367",2020,"Middle Africa","Gabon",4,36,4,36,-0.9354914,-0.8977532,-0.1782095,-0.9571223,-0.732851
"368",2021,"Middle Africa","Gabon",2,4,2,4,-0.9354914,-0.8977532,-0.1782095,-0.9571223,-0.732851
"369",2018,"Middle Africa","Republic of Congo",28,10,28,10,-1.358974,-1.217236,-0.339566,-1.329745,-1.101009
"370",2019,"Middle Africa","Republic of Congo",2,18,2,18,-1.409547,-1.387707,-0.8926991,-1.299436,-1.149709
"371",2020,"Middle Africa","Republic of Congo",1,14,1,14,-1.409547,-1.387707,-0.8926991,-1.299436,-1.149709
"372",2021,"Middle Africa","Republic of Congo",0,1,0,1,-1.409547,-1.387707,-0.8926991,-1.299436,-1.149709
"373",2018,"Middle East","Bahrain",0,1220,0,1220,-0.147291,0.1798774,-0.8409045,0.4169226,0.4122726
"374",2019,"Middle East","Bahrain",1,683,1,683,-0.010218,0.298761,-0.661518,0.4850985,0.4943778
"375",2020,"Middle East","Bahrain",0,249,0,249,-0.010218,0.298761,-0.661518,0.4850985,0.4943778
"376",2021,"Middle East","Bahrain",0,61,0,61,-0.010218,0.298761,-0.661518,0.4850985,0.4943778
"377",2018,"Middle East","Iran",126,2068,126,2068,-0.9589301,-0.4302173,-1.337683,-1.376154,-0.6935748
"378",2019,"Middle East","Iran",452,2541,452,2500,-1.047961,-0.5535024,-1.698151,-1.423137,-0.7493721
"379",2020,"Middle East","Iran",370,2266,370,2266,-1.047961,-0.5535024,-1.698151,-1.423137,-0.7493721
"380",2021,"Middle East","Iran",10,466,10,466,-1.047961,-0.5535024,-1.698151,-1.423137,-0.7493721
"381",2018,"Middle East","Iraq",4801,2886,1000,2500,-1.399581,-1.320548,-2.516502,-1.162634,-1.758796
"382",2019,"Middle East","Iraq",3705,3527,1000,2500,-1.336654,-1.33627,-2.564838,-1.179968,-1.722463
"383",2020,"Middle East","Iraq",2708,5853,1000,2500,-1.336654,-1.33627,-2.564838,-1.179968,-1.722463
"384",2021,"Middle East","Iraq",344,749,344,749,-1.336654,-1.33627,-2.564838,-1.179968,-1.722463
"385",2018,"Middle East","Israel",8,559,8,559,0.786691,1.208207,-0.9020357,1.246901,0.993224
"386",2019,"Middle East","Israel",8,573,8,573,0.8059544,1.325652,-0.7785231,1.280995,1.04759
"387",2020,"Middle East","Israel",0,5210,0,2500,0.8059544,1.325652,-0.7785231,1.280995,1.04759
"388",2021,"Middle East","Israel",2,1725,2,1725,0.8059544,1.325652,-0.7785231,1.280995,1.04759
"389",2018,"Middle East","Jordan",6,72,6,72,0.1495778,0.112718,-0.412433,0.0298972,0.2334316
"390",2019,"Middle East","Jordan",6,269,6,269,0.1279795,0.0994703,-0.3578623,0.0346094,0.1439575
"391",2020,"Middle East","Jordan",7,122,7,122,0.1279795,0.0994703,-0.3578623,0.0346094,0.1439575
"392",2021,"Middle East","Jordan",0,3,0,3,0.1279795,0.0994703,-0.3578623,0.0346094,0.1439575
"393",2018,"Middle East","Kuwait",0,5,0,5,-0.2894517,-0.0878059,0.1098001,0.0256516,0.2104
"394",2019,"Middle East","Kuwait",0,22,0,22,-0.132789,0.0184673,0.2003809,0.0649239,0.215674
"395",2020,"Middle East","Kuwait",1,21,1,21,-0.132789,0.0184673,0.2003809,0.0649239,0.215674
"396",2018,"Middle East","Lebanon",27,279,27,279,-1.109051,-0.6402023,-1.618437,-0.4371197,-0.764344
"397",2019,"Middle East","Lebanon",24,3231,24,2500,-1.160213,-0.8328025,-1.63874,-0.4255922,-0.8582801
"398",2020,"Middle East","Lebanon",42,2474,42,2474,-1.160213,-0.8328025,-1.63874,-0.4255922,-0.8582801
"399",2021,"Middle East","Lebanon",5,266,5,266,-1.160213,-0.8328025,-1.63874,-0.4255922,-0.8582801
"400",2018,"Middle East","Oman",0,1,0,1,0.2461315,0.1865782,0.6551499,0.1733039,0.464404
"401",2019,"Middle East","Oman",0,5,0,5,0.4521289,0.2593093,0.5934848,0.2924571,0.5544039
"402",2020,"Middle East","Oman",0,6,0,6,0.4521289,0.2593093,0.5934848,0.2924571,0.5544039
"403",2018,"Middle East","Palestine",329,1678,329,1678,-0.1954311,-0.7608902,-1.805423,0.0188407,-0.4837712
"404",2019,"Middle East","Palestine",158,2255,158,2255,-0.2595741,-0.7440846,-1.942078,0.0338156,-0.4854801
"405",2020,"Middle East","Palestine",38,1169,38,1169,-0.2595741,-0.7440846,-1.942078,0.0338156,-0.4854801
"406",2021,"Middle East","Palestine",8,283,8,283,-0.2595741,-0.7440846,-1.942078,0.0338156,-0.4854801
"407",2019,"Middle East","Qatar",0,4,0,4,0.8489959,0.7052068,0.7046954,0.6793299,0.7343184
"408",2020,"Middle East","Qatar",0,4,0,4,0.8489959,0.7052068,0.7046954,0.6793299,0.7343184
"409",2018,"Middle East","Saudi Arabia",1243,671,1000,671,0.3597602,0.3234982,-0.5525482,-0.0757623,0.1414093
"410",2019,"Middle East","Saudi Arabia",1009,297,1000,297,0.2746393,0.3064449,-0.427996,-0.0681949,0.1685559
"411",2020,"Middle East","Saudi Arabia",74,119,74,119,0.2746393,0.3064449,-0.427996,-0.0681949,0.1685559
"412",2021,"Middle East","Saudi Arabia",0,15,0,15,0.2746393,0.3064449,-0.427996,-0.0681949,0.1685559
"413",2018,"Middle East","Syria",23755,16017,1000,2500,-1.627016,-1.671169,-2.731462,-1.738145,-2.047248
"414",2019,"Middle East","Syria",15301,19641,1000,2500,-1.688553,-1.711279,-2.727996,-1.757903,-2.076063
"415",2020,"Middle East","Syria",7959,12037,1000,2500,-1.688553,-1.711279,-2.727996,-1.757903,-2.076063
"416",2021,"Middle East","Syria",1085,1754,1000,1754,-1.688553,-1.711279,-2.727996,-1.757903,-2.076063
"417",2018,"Middle East","Turkey",1833,1522,1000,1522,-0.3354134,0.0060968,-1.308683,0.0175277,-0.3194206
"418",2019,"Middle East","Turkey",951,3384,951,2500,-0.2909701,0.048386,-1.342829,-0.0073169,-0.2829632
"419",2020,"Middle East","Turkey",543,4218,543,2500,-0.2909701,0.048386,-1.342829,-0.0073169,-0.2829632
"420",2021,"Middle East","Turkey",13,681,13,681,-0.2909701,0.048386,-1.342829,-0.0073169,-0.2829632
"421",2018,"Middle East","United Arab Emirates",0,2,0,2,1.151779,1.431291,0.7123252,0.9307647,0.8058425
"422",2019,"Middle East","United Arab Emirates",0,2,0,2,1.106342,1.377221,0.7034943,0.9793252,0.8402188
"423",2020,"Middle East","United Arab Emirates",2,4,2,4,1.106342,1.377221,0.7034943,0.9793252,0.8402188
"424",2018,"Middle East","Yemen",30272,9937,1000,2500,-1.638176,-2.244354,-2.993311,-1.586586,-1.789885
"425",2019,"Middle East","Yemen",28030,11866,1000,2500,-1.681461,-2.279422,-2.768294,-1.66393,-1.773346
"426",2020,"Middle East","Yemen",19762,11794,1000,2500,-1.681461,-2.279422,-2.768294,-1.66393,-1.773346
"427",2021,"Middle East","Yemen",2071,1286,1000,1286,-1.681461,-2.279422,-2.768294,-1.66393,-1.773346
"428",2018,"North America","Mexico",8371,11632,1000,2500,-0.8544276,-0.153388,-0.5734344,0.1584301,-0.6378888
"429",2019,"North America","Mexico",9365,13446,1000,2500,-0.8210801,-0.1570084,-0.714571,0.1036798,-0.6581036
"430",2020,"North America","Mexico",8406,13622,1000,2500,-0.8210801,-0.1570084,-0.714571,0.1036798,-0.6581036
"431",2021,"North America","Mexico",1253,1762,1000,1762,-0.8210801,-0.1570084,-0.714571,0.1036798,-0.6581036
"432",2020,"North America","United States",134,23172,134,2500,1.215326,1.489182,0.2979858,1.345358,1.461094
"433",2021,"North America","United States",16,1857,16,1857,1.215326,1.489182,0.2979858,1.345358,1.461094
"434",2018,"Northern Africa","Algeria",42,584,42,584,-0.6301624,-0.4439246,-0.8265918,-1.26254,-0.7752355
"435",2019,"Northern Africa","Algeria",22,2145,22,2145,-0.6218498,-0.5161746,-1.003575,-1.303379,-0.8154638
"436",2020,"Northern Africa","Algeria",33,2186,33,2186,-0.6218498,-0.5161746,-1.003575,-1.303379,-0.8154638
"437",2021,"Northern Africa","Algeria",17,329,17,329,-0.6218498,-0.5161746,-1.003575,-1.303379,-0.8154638
"438",2018,"Northern Africa","Egypt",961,407,961,407,-0.5658687,-0.5848041,-1.170035,-0.8632245,-0.4123932
"439",2019,"Northern Africa","Egypt",1003,755,1000,755,-0.670213,-0.4235377,-1.066421,-0.827766,-0.420846
"440",2020,"Northern Africa","Egypt",626,644,626,644,-0.670213,-0.4235377,-1.066421,-0.827766,-0.420846
"441",2021,"Northern Africa","Egypt",69,78,69,78,-0.670213,-0.4235377,-1.066421,-0.827766,-0.420846
"442",2018,"Northern Africa","Libya",907,637,907,637,-1.552905,-1.847037,-2.432416,-2.284616,-1.785323
"443",2019,"Northern Africa","Libya",2086,1358,1000,1358,-1.603637,-1.922143,-2.565753,-2.346947,-1.848054
"444",2020,"Northern Africa","Libya",1496,1368,1000,1368,-1.603637,-1.922143,-2.565753,-2.346947,-1.848054
"445",2021,"Northern Africa","Libya",3,10,3,10,-1.603637,-1.922143,-2.565753,-2.346947,-1.848054
"446",2018,"Northern Africa","Morocco",7,196,7,196,-0.2173273,-0.2092959,-0.3363768,-0.2855255,-0.1386846
"447",2019,"Northern Africa","Morocco",5,876,5,876,-0.2765363,-0.1192252,-0.3693984,-0.2115284,-0.1356491
"448",2020,"Northern Africa","Morocco",4,1379,4,1379,-0.2765363,-0.1192252,-0.3693984,-0.2115284,-0.1356491
"449",2021,"Northern Africa","Morocco",4,191,4,191,-0.2765363,-0.1192252,-0.3693984,-0.2115284,-0.1356491
"450",2018,"Northern Africa","Sudan",951,643,951,643,-1.426554,-1.619857,-1.812513,-1.620749,-1.119575
"451",2019,"Northern Africa","Sudan",776,1593,776,1593,-1.366985,-1.621905,-1.673614,-1.673834,-1.140473
"452",2020,"Northern Africa","Sudan",957,1012,957,1012,-1.366985,-1.621905,-1.673614,-1.673834,-1.140473
"453",2021,"Northern Africa","Sudan",391,198,391,198,-1.366985,-1.621905,-1.673614,-1.673834,-1.140473
"454",2018,"Northern Africa","Tunisia",28,528,28,528,-0.0536738,-0.1052618,-0.8593076,-0.5130697,0.0391134
"455",2019,"Northern Africa","Tunisia",30,1469,30,1469,-0.0770505,-0.1022739,-0.8325363,-0.4372052,0.0622187
"456",2020,"Northern Africa","Tunisia",15,1772,15,1772,-0.0770505,-0.1022739,-0.8325363,-0.4372052,0.0622187
"457",2021,"Northern Africa","Tunisia",5,323,5,323,-0.0770505,-0.1022739,-0.8325363,-0.4372052,0.0622187
"458",2018,"South America","Argentina",25,1930,25,1930,-0.0702693,0.0259878,0.0192217,-0.2856962,-0.2428666
"459",2019,"South America","Argentina",17,1272,17,1272,-0.0710714,-0.0864859,-0.1199785,-0.4927526,-0.4307256
"460",2020,"South America","Argentina",19,2935,19,2500,-0.0710714,-0.0864859,-0.1199785,-0.4927526,-0.4307256
"461",2021,"South America","Argentina",1,361,1,361,-0.0710714,-0.0864859,-0.1199785,-0.4927526,-0.4307256
"462",2018,"South America","Bolivia",26,304,26,304,-0.6219789,-0.3220994,-0.2783669,-0.9080035,-1.147712
"463",2019,"South America","Bolivia",18,620,18,620,-0.7421893,-0.699218,-0.6153547,-0.9934062,-1.121389
"464",2020,"South America","Bolivia",1,781,1,781,-0.7421893,-0.699218,-0.6153547,-0.9934062,-1.121389
"465",2021,"South America","Bolivia",1,111,1,111,-0.7421893,-0.699218,-0.6153547,-0.9934062,-1.121389
"466",2018,"South America","Brazil",5428,14658,1000,2500,-0.3999677,-0.4474374,-0.3863459,-0.3239611,-0.2537811
"467",2019,"South America","Brazil",4812,10783,1000,2500,-0.3339985,-0.186738,-0.5464811,-0.177794,-0.180904
"468",2020,"South America","Brazil",4955,9791,1000,2500,-0.3339985,-0.186738,-0.5464811,-0.177794,-0.180904
"469",2021,"South America","Brazil",780,1522,780,1522,-0.3339985,-0.186738,-0.5464811,-0.177794,-0.180904
"470",2018,"South America","Chile",5,1393,5,1393,1.046754,1.084034,0.4351017,1.33739,1.089803
"471",2019,"South America","Chile",41,2923,41,2500,1.088457,1.06042,0.2063824,1.224169,1.073613
"472",2020,"South America","Chile",23,2109,23,2109,1.088457,1.06042,0.2063824,1.224169,1.073613
"473",2021,"South America","Chile",5,219,5,219,1.088457,1.06042,0.2063824,1.224169,1.073613
"474",2018,"South America","Colombia",741,1669,741,1669,-0.2874098,-0.0852262,-0.7874593,0.3173888,-0.4063349
"475",2019,"South America","Colombia",743,1812,743,1812,-0.2291671,0.0712232,-0.900254,0.3966121,-0.4169289
"476",2020,"South America","Colombia",823,1544,823,1544,-0.2291671,0.0712232,-0.900254,0.3966121,-0.4169289
"477",2021,"South America","Colombia",137,342,137,342,-0.2291671,0.0712232,-0.900254,0.3966121,-0.4169289
"478",2018,"South America","Ecuador",14,176,14,176,-0.5656243,-0.2613976,-0.0808058,-0.8689445,-0.6388752
"479",2019,"South America","Ecuador",12,427,12,427,-0.4964109,-0.3985842,-0.1890175,-0.8236187,-0.5773571
"480",2020,"South America","Ecuador",30,439,30,439,-0.4964109,-0.3985842,-0.1890175,-0.8236187,-0.5773571
"481",2021,"South America","Ecuador",1,45,1,45,-0.4964109,-0.3985842,-0.1890175,-0.8236187,-0.5773571
"482",2020,"South America","Falkland Islands",0,1,0,1,,,,,
"483",2018,"South America","French Guiana",0,39,0,39,0.9526603,1.397863,0.528242,1.305632,1.209605
"484",2020,"South America","French Guiana",0,17,0,17,0.9192378,1.387373,0.2772611,1.314049,1.165919
"485",2021,"South America","French Guiana",0,2,0,2,0.9192378,1.387373,0.2772611,1.314049,1.165919
"486",2018,"South America","Guyana",1,86,1,86,-0.2267126,-0.2694839,-0.1791495,-0.5409482,-0.372387
"487",2019,"South America","Guyana",2,53,2,53,-0.0918997,-0.3860605,-0.2370798,-0.6206163,-0.4313481
"488",2020,"South America","Guyana",5,127,5,127,-0.0918997,-0.3860605,-0.2370798,-0.6206163,-0.4313481
"489",2021,"South America","Guyana",0,4,0,4,-0.0918997,-0.3860605,-0.2370798,-0.6206163,-0.4313481
"490",2018,"South America","Paraguay",2,242,2,242,-0.8388299,-0.5172144,-0.0713127,-0.0752819,-0.523654
"491",2019,"South America","Paraguay",13,584,13,584,-0.8293102,-0.5337567,-0.0019132,-0.203458,-0.5564034
"492",2020,"South America","Paraguay",18,778,18,778,-0.8293102,-0.5337567,-0.0019132,-0.203458,-0.5564034
"493",2021,"South America","Paraguay",7,101,7,101,-0.8293102,-0.5337567,-0.0019132,-0.203458,-0.5564034
"494",2018,"South America","Peru",16,341,16,341,-0.5318839,-0.2454309,-0.2617153,0.4983543,-0.5298474
"495",2019,"South America","Peru",32,752,32,752,-0.4476908,-0.0675457,-0.1417345,0.5639061,-0.4872026
"496",2020,"South America","Peru",41,1232,41,1232,-0.4476908,-0.0675457,-0.1417345,0.5639061,-0.4872026
"497",2021,"South America","Peru",3,170,3,170,-0.4476908,-0.0675457,-0.1417345,0.5639061,-0.4872026
"498",2018,"South America","Suriname",0,32,0,32,-0.2114974,-0.6553037,0.0733391,-0.6514152,-0.0642001
"499",2019,"South America","Suriname",7,12,7,12,-0.3932373,-0.5900614,0.1134033,-0.6795514,-0.0596512
"500",2020,"South America","Suriname",1,39,1,39,-0.3932373,-0.5900614,0.1134033,-0.6795514,-0.0596512
"501",2021,"South America","Suriname",0,4,0,4,-0.3932373,-0.5900614,0.1134033,-0.6795514,-0.0596512
"502",2018,"South America","Uruguay",0,26,0,26,1.259947,0.5582148,1.041839,0.5127553,0.5945194
"503",2019,"South America","Uruguay",3,45,3,45,1.246511,0.6957388,1.045503,0.5094084,0.6212631
"504",2020,"South America","Uruguay",0,44,0,44,1.246511,0.6957388,1.045503,0.5094084,0.6212631
"505",2018,"South America","Venezuela",616,2020,616,2020,-1.470778,-1.581517,-1.31525,-2.363919,-2.322118
"506",2019,"South America","Venezuela",1134,3549,1000,2500,-1.50984,-1.658307,-1.445485,-2.359116,-2.320054
"507",2020,"South America","Venezuela",439,2954,439,2500,-1.50984,-1.658307,-1.445485,-2.359116,-2.320054
"508",2021,"South America","Venezuela",25,272,25,272,-1.50984,-1.658307,-1.445485,-2.359116,-2.320054
"509",2018,"South Asia","Bangladesh",229,1146,229,1146,-0.9051279,-0.7483993,-0.985925,-0.8328668,-0.6402208
"510",2019,"South Asia","Bangladesh",383,1717,383,1717,-0.9938096,-0.7392301,-0.9181735,-0.9289543,-0.6363084
"511",2020,"South Asia","Bangladesh",278,1519,278,1519,-0.9938096,-0.7392301,-0.9181735,-0.9289543,-0.6363084
"512",2021,"South Asia","Bangladesh",32,280,32,280,-0.9938096,-0.7392301,-0.9181735,-0.9289543,-0.6363084
"513",2018,"South Asia","India",1866,15832,1000,2500,-0.1863026,0.2830485,-0.977272,-0.2250376,0.0259461
"514",2019,"South Asia","India",1531,23917,1000,2500,-0.233254,0.1715544,-0.7027684,-0.1605557,-0.0307584
"515",2020,"South Asia","India",1291,18034,1000,2500,-0.233254,0.1715544,-0.7027684,-0.1605557,-0.0307584
"516",2021,"South Asia","India",87,2849,87,2500,-0.233254,0.1715544,-0.7027684,-0.1605557,-0.0307584
"517",2018,"South Asia","Nepal",13,690,13,690,-0.6737257,-0.9023383,-0.5957747,-0.7374361,-0.4781068
"518",2019,"South Asia","Nepal",16,1059,16,1059,-0.6740938,-1.0452,-0.4656303,-0.7013751,-0.5355341
"519",2020,"South Asia","Nepal",20,837,20,837,-0.6740938,-1.0452,-0.4656303,-0.7013751,-0.5355341
"520",2021,"South Asia","Nepal",1,437,1,437,-0.6740938,-1.0452,-0.4656303,-0.7013751,-0.5355341
"521",2018,"South Asia","Pakistan",1094,5799,1000,2500,-0.7908247,-0.6338443,-2.257847,-0.6366072,-0.6729922
"522",2019,"South Asia","Pakistan",1157,7690,1000,2500,-0.8467407,-0.6770047,-2.246336,-0.6444789,-0.6675787
"523",2020,"South Asia","Pakistan",813,8811,813,2500,-0.8467407,-0.6770047,-2.246336,-0.6444789,-0.6675787
"524",2021,"South Asia","Pakistan",131,1146,131,1146,-0.8467407,-0.6770047,-2.246336,-0.6444789,-0.6675787
"525",2018,"South Asia","Sri Lanka",25,555,25,555,-0.3355731,-0.2353793,-0.1367198,-0.1744439,0.0260529
"526",2019,"South Asia","Sri Lanka",304,953,304,953,-0.3194701,-0.1135499,-0.2281242,-0.1843704,-0.0119834
"527",2020,"South Asia","Sri Lanka",35,529,35,529,-0.3194701,-0.1135499,-0.2281242,-0.1843704,-0.0119834
"528",2021,"South Asia","Sri Lanka",1,135,1,135,-0.3194701,-0.1135499,-0.2281242,-0.1843704,-0.0119834
"529",2018,"Southeast Asia","Cambodia",13,78,13,78,-1.325735,-0.568605,0.1112419,-0.4992177,-1.114451
"530",2019,"Southeast Asia","Cambodia",5,98,5,98,-1.302401,-0.5791857,-0.0808967,-0.5688344,-0.9356683
"531",2020,"Southeast Asia","Cambodia",12,131,12,131,-1.302401,-0.5791857,-0.0808967,-0.5688344,-0.9356683
"532",2021,"Southeast Asia","Cambodia",0,13,0,13,-1.302401,-0.5791857,-0.0808967,-0.5688344,-0.9356683
"533",2018,"Southeast Asia","Indonesia",162,797,162,797,-0.251563,0.1798754,-0.5367906,-0.1410355,-0.3150386
"534",2019,"Southeast Asia","Indonesia",219,1358,219,1358,-0.4189961,0.1827407,-0.4812067,-0.0933143,-0.3425302
"535",2020,"Southeast Asia","Indonesia",118,1785,118,1785,-0.4189961,0.1827407,-0.4812067,-0.0933143,-0.3425302
"536",2021,"Southeast Asia","Indonesia",29,156,29,156,-0.4189961,0.1827407,-0.4812067,-0.0933143,-0.3425302
"537",2018,"Southeast Asia","Laos",0,3,0,3,-0.9827906,-0.672724,0.4158941,-0.7752438,-0.8424519
"538",2019,"Southeast Asia","Laos",2,4,2,4,-1.058229,-0.7845454,0.5250729,-0.7132146,-0.9411008
"539",2020,"Southeast Asia","Laos",2,4,2,4,-1.058229,-0.7845454,0.5250729,-0.7132146,-0.9411008
"540",2018,"Southeast Asia","Malaysia",12,175,12,175,0.3140343,1.075348,0.2595588,0.6979557,0.6228108
"541",2019,"Southeast Asia","Malaysia",13,201,13,201,0.2475228,0.9986857,0.1102767,0.6731408,0.5909452
"542",2020,"Southeast Asia","Malaysia",2,85,2,85,0.2475228,0.9986857,0.1102767,0.6731408,0.5909452
"543",2021,"Southeast Asia","Malaysia",1,11,1,11,0.2475228,0.9986857,0.1102767,0.6731408,0.5909452
"544",2018,"Southeast Asia","Myanmar",197,879,197,879,-0.5883577,-1.068652,-1.258713,-0.7442002,-1.032395
"545",2019,"Southeast Asia","Myanmar",1495,1807,1000,1807,-0.6251955,-1.149869,-1.261767,-0.7603928,-1.062784
"546",2020,"Southeast Asia","Myanmar",657,1453,657,1453,-0.6251955,-1.149869,-1.261767,-0.7603928,-1.062784
"547",2021,"Southeast Asia","Myanmar",55,1220,55,1220,-0.6251955,-1.149869,-1.261767,-0.7603928,-1.062784
"548",2018,"Southeast Asia","Philippines",1617,1612,1000,1612,-0.5448732,0.0495094,-1.082172,-0.0565737,-0.4777236
"549",2019,"Southeast Asia","Philippines",1622,1831,1000,1831,-0.5733455,0.0529682,-0.8849657,0.0093082,-0.4773007
"550",2020,"Southeast Asia","Philippines",1448,1664,1000,1664,-0.5733455,0.0529682,-0.8849657,0.0093082,-0.4773007
"551",2021,"Southeast Asia","Philippines",239,242,239,242,-0.5733455,0.0529682,-0.8849657,0.0093082,-0.4773007
"552",2018,"Southeast Asia","Thailand",195,513,195,513,-0.3988422,0.3499596,-0.7901956,0.1005475,0.0230287
"553",2019,"Southeast Asia","Thailand",172,525,172,525,-0.4073985,0.3570563,-0.5375581,0.116105,0.1028816
"554",2020,"Southeast Asia","Thailand",102,989,102,989,-0.4073985,0.3570563,-0.5375581,0.116105,0.1028816
"555",2021,"Southeast Asia","Thailand",5,106,5,106,-0.4073985,0.3570563,-0.5375581,0.116105,0.1028816
"556",2018,"Southeast Asia","Vietnam",3,45,3,45,-0.4854065,-0.0034448,0.1134106,-0.347865,-0.00354
"557",2019,"Southeast Asia","Vietnam",1,58,1,58,-0.5138411,0.0390768,0.1318749,-0.2623483,-0.0168988
"558",2020,"Southeast Asia","Vietnam",4,20,4,20,-0.5138411,0.0390768,0.1318749,-0.2623483,-0.0168988
"559",2018,"Southern Africa","Botswana",1,9,1,9,0.7486417,0.3334411,0.9779608,0.453949,0.4660194
"560",2019,"Southern Africa","Botswana",0,12,0,12,0.7078156,0.429048,1.011297,0.3700964,0.4984392
"561",2020,"Southern Africa","Botswana",7,12,7,12,0.7078156,0.429048,1.011297,0.3700964,0.4984392
"562",2018,"Southern Africa","eSwatini",0,8,0,8,-0.2176961,-0.6599468,-0.3645701,-0.6154431,-0.2486529
"563",2019,"Southern Africa","eSwatini",3,31,3,31,-0.4876726,-0.678317,-0.3785959,-0.6122774,-0.5018827
"564",2020,"Southern Africa","eSwatini",5,33,5,33,-0.4876726,-0.678317,-0.3785959,-0.6122774,-0.5018827
"565",2021,"Southern Africa","eSwatini",2,5,2,5,-0.4876726,-0.678317,-0.3785959,-0.6122774,-0.5018827
"566",2018,"Southern Africa","Lesotho",0,3,0,3,-0.1029647,-0.8609057,-0.1699952,-0.4996915,-0.3367751
"567",2019,"Southern Africa","Lesotho",5,10,5,10,-0.0273043,-0.8322617,-0.3546657,-0.5356036,-0.3805971
"568",2020,"Southern Africa","Lesotho",3,21,3,21,-0.0273043,-0.8322617,-0.3546657,-0.5356036,-0.3805971
"569",2021,"Southern Africa","Lesotho",0,1,0,1,-0.0273043,-0.8322617,-0.3546657,-0.5356036,-0.3805971
"570",2018,"Southern Africa","Namibia",1,32,1,32,0.3381373,0.106442,0.6988704,-0.076009,0.2446169
"571",2019,"Southern Africa","Namibia",4,46,4,46,0.3724811,0.0966495,0.5339198,-0.1089083,0.3099801
"572",2020,"Southern Africa","Namibia",0,92,0,92,0.3724811,0.0966495,0.5339198,-0.1089083,0.3099801
"573",2021,"Southern Africa","Namibia",0,28,0,28,0.3724811,0.0966495,0.5339198,-0.1089083,0.3099801
"574",2018,"Southern Africa","South Africa",77,947,77,947,-0.0230474,0.3403786,-0.2191116,0.1297619,-0.1027109
"575",2019,"Southern Africa","South Africa",176,1572,176,1572,0.0849239,0.3673802,-0.2179309,0.1561717,-0.0764077
"576",2020,"Southern Africa","South Africa",162,1836,162,1836,0.0849239,0.3673802,-0.2179309,0.1561717,-0.0764077
"577",2021,"Southern Africa","South Africa",25,145,25,145,0.0849239,0.3673802,-0.2179309,0.1561717,-0.0764077
"578",2018,"Southern Africa","Zambia",15,50,15,50,-0.6562852,-0.5592093,0.0938291,-0.4842296,-0.3450496
"579",2019,"Southern Africa","Zambia",10,37,10,37,-0.6403451,-0.6752145,-0.1022162,-0.5542691,-0.4620693
"580",2020,"Southern Africa","Zambia",38,98,38,98,-0.6403451,-0.6752145,-0.1022162,-0.5542691,-0.4620693
"581",2021,"Southern Africa","Zambia",3,4,3,4,-0.6403451,-0.6752145,-0.1022162,-0.5542691,-0.4620693
"582",2018,"Southern Africa","Zimbabwe",23,300,23,300,-1.234743,-1.19886,-0.7134061,-1.503522,-1.273343
"583",2019,"Southern Africa","Zimbabwe",37,179,37,179,-1.238796,-1.205337,-0.9201785,-1.463199,-1.257009
"584",2020,"Southern Africa","Zimbabwe",20,161,20,161,-1.238796,-1.205337,-0.9201785,-1.463199,-1.257009
"585",2021,"Southern Africa","Zimbabwe",1,3,1,3,-1.238796,-1.205337,-0.9201785,-1.463199,-1.257009
"586",2018,"Western Africa","Benin",23,23,23,23,-0.3859641,-0.5659866,-0.1326304,-0.3369086,-0.6751398
"587",2019,"Western Africa","Benin",35,60,35,60,-0.3237639,-0.4406517,-0.3478641,-0.3759647,-0.6641259
"588",2020,"Western Africa","Benin",42,73,42,73,-0.3237639,-0.4406517,-0.3478641,-0.3759647,-0.6641259
"589",2021,"Western Africa","Benin",10,10,10,10,-0.3237639,-0.4406517,-0.3478641,-0.3759647,-0.6641259
"590",2018,"Western Africa","Burkina Faso",295,378,295,378,-0.1129444,-0.5783429,-1.049443,-0.3715874,-0.4456363
"591",2019,"Western Africa","Burkina Faso",2220,891,1000,891,-0.1886562,-0.7585109,-1.188618,-0.376492,-0.4262591
"592",2020,"Western Africa","Burkina Faso",2298,872,1000,872,-0.1886562,-0.7585109,-1.188618,-0.376492,-0.4262591
"593",2021,"Western Africa","Burkina Faso",147,89,147,89,-0.1886562,-0.7585109,-1.188618,-0.376492,-0.4262591
"594",2018,"Western Africa","Gambia",3,9,3,9,-0.4623365,-0.6234712,-0.0659801,-0.6283253,-0.4308292
"595",2019,"Western Africa","Gambia",2,18,2,18,-0.2852226,-0.630676,0.1114135,-0.6649198,-0.3715761
"596",2020,"Western Africa","Gambia",3,29,3,29,-0.2852226,-0.630676,0.1114135,-0.6649198,-0.3715761
"597",2021,"Western Africa","Gambia",0,2,0,2,-0.2852226,-0.630676,0.1114135,-0.6649198,-0.3715761
"598",2018,"Western Africa","Ghana",19,91,19,91,-0.1158941,-0.2102704,-0.017135,-0.0917172,0.0715621
"599",2019,"Western Africa","Ghana",48,187,48,187,-0.0790386,-0.210104,0.098347,-0.1110496,0.0468897
"600",2020,"Western Africa","Ghana",48,290,48,290,-0.0790386,-0.210104,0.098347,-0.1110496,0.0468897
"601",2021,"Western Africa","Ghana",0,5,0,5,-0.0790386,-0.210104,0.098347,-0.1110496,0.0468897
"602",2018,"Western Africa","Guinea",27,126,27,126,-1.04368,-0.9709232,-0.8744907,-0.7763806,-1.211245
"603",2019,"Western Africa","Guinea",41,214,41,214,-0.9049651,-0.7787458,-0.8306405,-0.7698209,-1.209028
"604",2020,"Western Africa","Guinea",145,664,145,664,-0.9049651,-0.7787458,-0.8306405,-0.7698209,-1.209028
"605",2021,"Western Africa","Guinea",5,28,5,28,-0.9049651,-0.7787458,-0.8306405,-0.7698209,-1.209028
"606",2018,"Western Africa","Guinea-Bissau",0,8,0,8,-1.533915,-1.48785,-0.6762453,-1.202787,-1.233773
"607",2019,"Western Africa","Guinea-Bissau",1,12,1,12,-1.453986,-1.514441,-0.562632,-1.233335,-1.264045
"608",2020,"Western Africa","Guinea-Bissau",8,22,8,22,-1.453986,-1.514441,-0.562632,-1.233335,-1.264045
"609",2021,"Western Africa","Guinea-Bissau",0,4,0,4,-1.453986,-1.514441,-0.562632,-1.233335,-1.264045
"610",2018,"Western Africa","Ivory Coast",10,64,10,64,-0.4993051,-0.5705186,-0.8890731,-0.2004344,-0.579603
"611",2019,"Western Africa","Ivory Coast",45,228,45,228,-0.5250723,-0.482588,-0.962356,-0.2428631,-0.5669066
"612",2020,"Western Africa","Ivory Coast",132,450,132,450,-0.5250723,-0.482588,-0.962356,-0.2428631,-0.5669066
"613",2021,"Western Africa","Ivory Coast",4,20,4,20,-0.5250723,-0.482588,-0.962356,-0.2428631,-0.5669066
"614",2018,"Western Africa","Liberia",1,23,1,23,-0.8520926,-1.340831,-0.2454872,-0.9571922,-0.9888872
"615",2019,"Western Africa","Liberia",11,79,11,79,-0.8775807,-1.375133,-0.2290139,-0.9789448,-0.9952112
"616",2020,"Western Africa","Liberia",2,121,2,121,-0.8775807,-1.375133,-0.2290139,-0.9789448,-0.9952112
"617",2021,"Western Africa","Liberia",0,7,0,7,-0.8775807,-1.375133,-0.2290139,-0.9789448,-0.9952112
"618",2018,"Western Africa","Mali",1578,685,1000,685,-0.6976493,-1.004638,-2.077425,-0.5552012,-0.7976651
"619",2019,"Western Africa","Mali",1875,819,1000,819,-0.6966435,-1.056444,-2.153436,-0.573186,-0.8342336
"620",2020,"Western Africa","Mali",2849,1265,1000,1265,-0.6966435,-1.056444,-2.153436,-0.573186,-0.8342336
"621",2021,"Western Africa","Mali",259,149,259,149,-0.6966435,-1.056444,-2.153436,-0.573186,-0.8342336
"622",2018,"Western Africa","Mauritania",3,60,3,60,-0.807347,-0.7266325,-0.6199906,-0.810981,-0.6859097
"623",2019,"Western Africa","Mauritania",3,128,3,128,-0.8615845,-0.4982125,-0.5422166,-0.7593397,-0.5827179
"624",2020,"Western Africa","Mauritania",4,339,4,339,-0.8615845,-0.4982125,-0.5422166,-0.7593397,-0.5827179
"625",2021,"Western Africa","Mauritania",0,56,0,56,-0.8615845,-0.4982125,-0.5422166,-0.7593397,-0.5827179
"626",2018,"Western Africa","Niger",488,158,488,158,-0.5796463,-0.7660425,-1.354283,-0.6391519,-0.5802386
"627",2019,"Western Africa","Niger",719,370,719,370,-0.5541663,-0.8010617,-1.403038,-0.6687045,-0.5329312
"628",2020,"Western Africa","Niger",1114,521,1000,521,-0.5541663,-0.8010617,-1.403038,-0.6687045,-0.5329312
"629",2021,"Western Africa","Niger",178,55,178,55,-0.5541663,-0.8010617,-1.403038,-0.6687045,-0.5329312
"630",2018,"Western Africa","Nigeria",5147,1716,1000,1716,-1.046155,-1.022591,-2.090506,-0.8030536,-0.8808043
"631",2019,"Western Africa","Nigeria",5431,2222,1000,2222,-1.094948,-1.088634,-1.934674,-0.8609852,-0.8979821
"632",2020,"Western Africa","Nigeria",7760,3344,1000,2500,-1.094948,-1.088634,-1.934674,-0.8609852,-0.8979821
"633",2021,"Western Africa","Nigeria",1422,521,1000,521,-1.094948,-1.088634,-1.934674,-0.8609852,-0.8979821
"634",2018,"Western Africa","Senegal",13,74,13,74,-0.0249317,-0.2678156,-0.0929849,-0.1072984,-0.2082493
"635",2019,"Western Africa","Senegal",4,52,4,52,0.0484844,-0.0573694,0.0573639,-0.1122398,-0.1907603
"636",2020,"Western Africa","Senegal",3,94,3,94,0.0484844,-0.0573694,0.0573639,-0.1122398,-0.1907603
"637",2021,"Western Africa","Senegal",0,17,0,17,0.0484844,-0.0573694,0.0573639,-0.1122398,-0.1907603
"638",2018,"Western Africa","Sierra Leone",10,86,10,86,-0.4923064,-1.142948,-0.0768317,-0.8867556,-0.7694784
"639",2019,"Western Africa","Sierra Leone",13,125,13,125,-0.4113611,-1.126595,-0.0981833,-0.8819937,-0.7663631
"640",2020,"Western Africa","Sierra Leone",31,81,31,81,-0.4113611,-1.126595,-0.0981833,-0.8819937,-0.7663631
"641",2021,"Western Africa","Sierra Leone",0,5,0,5,-0.4113611,-1.126595,-0.0981833,-0.8819937,-0.7663631
"642",2018,"Western Africa","Togo",5,42,5,42,-0.7301584,-1.057791,-0.884303,-0.6515545,-0.5908771
"643",2019,"Western Africa","Togo",7,29,7,29,-0.7497168,-0.9173347,-0.805393,-0.6789817,-0.5887967
"644",2020,"Western Africa","Togo",13,72,13,72,-0.7497168,-0.9173347,-0.805393,-0.6789817,-0.5887967
"645",2021,"Western Africa","Togo",0,8,0,8,-0.7497168,-0.9173347,-0.805393,-0.6789817,-0.5887967
